02 Mar 2026 14:26:48,262 INFO com.sismics.util.jpa.EMF.getEntityManagerProperties(EMF.java:67) Configuring EntityManager from hibernate.properties 
02 Mar 2026 14:26:48,636 INFO com.sismics.util.jpa.DbOpenHelper.open(DbOpenHelper.java:57) Opening database and executing incremental updates 
02 Mar 2026 14:26:48,637 INFO com.sismics.util.jpa.DbOpenHelper.open(DbOpenHelper.java:83) Unable to get database version: Table T_CONFIG not found 
02 Mar 2026 14:26:48,637 INFO com.sismics.util.jpa.DbOpenHelper.open(DbOpenHelper.java:98) Executing initial schema creation script 
02 Mar 2026 14:26:48,642 INFO com.sismics.util.jpa.DbOpenHelper.executeAllScript(DbOpenHelper.java:142) Executing script: dbupdate-000-0.sql 
02 Mar 2026 14:26:48,691 INFO com.sismics.util.jpa.DbOpenHelper.executeAllScript(DbOpenHelper.java:142) Executing script: dbupdate-000-1.sql 
02 Mar 2026 14:26:48,696 INFO com.sismics.util.jpa.DbOpenHelper.open(DbOpenHelper.java:106) Found database version 0, new version is 31, executing database incremental update scripts 
02 Mar 2026 14:26:48,697 INFO com.sismics.util.jpa.DbOpenHelper.executeAllScript(DbOpenHelper.java:142) Executing script: dbupdate-001-0.sql 
02 Mar 2026 14:26:48,731 INFO com.sismics.util.jpa.DbOpenHelper.executeAllScript(DbOpenHelper.java:142) Executing script: dbupdate-002-0.sql 
02 Mar 2026 14:26:48,735 INFO com.sismics.util.jpa.DbOpenHelper.executeAllScript(DbOpenHelper.java:142) Executing script: dbupdate-003-0.sql 
02 Mar 2026 14:26:48,739 INFO com.sismics.util.jpa.DbOpenHelper.executeAllScript(DbOpenHelper.java:142) Executing script: dbupdate-004-0.sql 
02 Mar 2026 14:26:48,750 INFO com.sismics.util.jpa.DbOpenHelper.executeAllScript(DbOpenHelper.java:142) Executing script: dbupdate-005-0.sql 
02 Mar 2026 14:26:48,751 INFO com.sismics.util.jpa.DbOpenHelper.executeAllScript(DbOpenHelper.java:142) Executing script: dbupdate-006-0.sql 
02 Mar 2026 14:26:48,839 INFO com.sismics.util.jpa.DbOpenHelper.executeAllScript(DbOpenHelper.java:142) Executing script: dbupdate-007-0.sql 
02 Mar 2026 14:26:48,842 INFO com.sismics.util.jpa.DbOpenHelper.executeAllScript(DbOpenHelper.java:142) Executing script: dbupdate-008-0.sql 
02 Mar 2026 14:26:48,844 INFO com.sismics.util.jpa.DbOpenHelper.executeAllScript(DbOpenHelper.java:142) Executing script: dbupdate-009-0.sql 
02 Mar 2026 14:26:48,848 INFO com.sismics.util.jpa.DbOpenHelper.executeAllScript(DbOpenHelper.java:142) Executing script: dbupdate-010-0.sql 
02 Mar 2026 14:26:48,850 INFO com.sismics.util.jpa.DbOpenHelper.executeAllScript(DbOpenHelper.java:142) Executing script: dbupdate-011-0.sql 
02 Mar 2026 14:26:48,855 INFO com.sismics.util.jpa.DbOpenHelper.executeAllScript(DbOpenHelper.java:142) Executing script: dbupdate-012-0.sql 
02 Mar 2026 14:26:48,858 INFO com.sismics.util.jpa.DbOpenHelper.executeAllScript(DbOpenHelper.java:142) Executing script: dbupdate-013-0.sql 
02 Mar 2026 14:26:48,859 INFO com.sismics.util.jpa.DbOpenHelper.executeAllScript(DbOpenHelper.java:142) Executing script: dbupdate-014-0.sql 
02 Mar 2026 14:26:48,861 INFO com.sismics.util.jpa.DbOpenHelper.executeAllScript(DbOpenHelper.java:142) Executing script: dbupdate-015-0.sql 
02 Mar 2026 14:26:48,869 INFO com.sismics.util.jpa.DbOpenHelper.executeAllScript(DbOpenHelper.java:142) Executing script: dbupdate-016-0.sql 
02 Mar 2026 14:26:48,870 INFO com.sismics.util.jpa.DbOpenHelper.executeAllScript(DbOpenHelper.java:142) Executing script: dbupdate-017-0.sql 
02 Mar 2026 14:26:48,871 INFO com.sismics.util.jpa.DbOpenHelper.executeAllScript(DbOpenHelper.java:142) Executing script: dbupdate-018-0.sql 
02 Mar 2026 14:26:48,884 INFO com.sismics.util.jpa.DbOpenHelper.executeAllScript(DbOpenHelper.java:142) Executing script: dbupdate-019-0.sql 
02 Mar 2026 14:26:48,885 INFO com.sismics.util.jpa.DbOpenHelper.executeAllScript(DbOpenHelper.java:142) Executing script: dbupdate-020-0.sql 
02 Mar 2026 14:26:48,886 INFO com.sismics.util.jpa.DbOpenHelper.executeAllScript(DbOpenHelper.java:142) Executing script: dbupdate-021-0.sql 
02 Mar 2026 14:26:48,890 INFO com.sismics.util.jpa.DbOpenHelper.executeAllScript(DbOpenHelper.java:142) Executing script: dbupdate-022-0.sql 
02 Mar 2026 14:26:48,896 INFO com.sismics.util.jpa.DbOpenHelper.executeAllScript(DbOpenHelper.java:142) Executing script: dbupdate-023-0.sql 
02 Mar 2026 14:26:48,898 INFO com.sismics.util.jpa.DbOpenHelper.executeAllScript(DbOpenHelper.java:142) Executing script: dbupdate-024-0.sql 
02 Mar 2026 14:26:48,901 INFO com.sismics.util.jpa.DbOpenHelper.executeAllScript(DbOpenHelper.java:142) Executing script: dbupdate-025-0.sql 
02 Mar 2026 14:26:48,902 INFO com.sismics.util.jpa.DbOpenHelper.executeAllScript(DbOpenHelper.java:142) Executing script: dbupdate-026-0.sql 
02 Mar 2026 14:26:48,903 INFO com.sismics.util.jpa.DbOpenHelper.executeAllScript(DbOpenHelper.java:142) Executing script: dbupdate-027-0.sql 
02 Mar 2026 14:26:48,904 INFO com.sismics.util.jpa.DbOpenHelper.executeAllScript(DbOpenHelper.java:142) Executing script: dbupdate-028-0.sql 
02 Mar 2026 14:26:48,904 INFO com.sismics.util.jpa.DbOpenHelper.executeAllScript(DbOpenHelper.java:142) Executing script: dbupdate-029-0.sql 
02 Mar 2026 14:26:48,908 INFO com.sismics.util.jpa.DbOpenHelper.executeAllScript(DbOpenHelper.java:142) Executing script: dbupdate-030-0.sql 
02 Mar 2026 14:26:48,909 INFO com.sismics.util.jpa.DbOpenHelper.executeAllScript(DbOpenHelper.java:142) Executing script: dbupdate-031-0.sql 
02 Mar 2026 14:26:48,910 INFO com.sismics.util.jpa.DbOpenHelper.open(DbOpenHelper.java:108) Database upgrade complete 
02 Mar 2026 14:26:48,910 INFO com.sismics.util.jpa.EMF.getEntityManagerProperties(EMF.java:67) Configuring EntityManager from hibernate.properties 
02 Mar 2026 14:26:50,237 INFO com.sismics.util.ClasspathScanner.findClasses(ClasspathScanner.java:48) Found 1 classes for IndexingHandler 
02 Mar 2026 14:26:50,268 INFO com.sismics.docs.core.util.indexing.LuceneIndexingHandler.initLucene(LuceneIndexingHandler.java:129) Using RAM Lucene storage 
02 Mar 2026 14:26:50,321 INFO com.sismics.docs.core.service.FileService.startUp(FileService.java:39) File service starting up 
02 Mar 2026 14:26:50,324 INFO com.sismics.docs.core.service.InboxService.startUp(InboxService.java:52) Inbox service starting up 
02 Mar 2026 14:26:50,324 INFO com.sismics.docs.core.service.FileSizeService.startUp(FileSizeService.java:30) File size service starting up 
02 Mar 2026 14:26:50,525 INFO com.sismics.docs.core.service.FileSizeService.lambda$runOneIteration$0(FileSizeService.java:50) No more file to process, stopping the service 
02 Mar 2026 14:26:50,526 INFO com.sismics.docs.core.service.FileSizeService.shutDown(FileSizeService.java:35) File size service shutting down 
02 Mar 2026 14:27:18,457 INFO com.sismics.util.ClasspathScanner.findClasses(ClasspathScanner.java:48) Found 2 classes for AuthenticationHandler 
02 Mar 2026 14:27:36,276 INFO com.sismics.docs.core.listener.async.DocumentCreatedAsyncListener.on(DocumentCreatedAsyncListener.java:35) Document created event: DocumentCreatedAsyncEvent{documentId=4b4bd20b-6cf2-407a-8a0d-b123eea50890} 
02 Mar 2026 14:27:50,272 INFO com.sismics.docs.core.service.InboxService.shutDown(InboxService.java:57) Inbox service shutting down 
02 Mar 2026 14:27:50,273 INFO com.sismics.docs.core.service.FileService.shutDown(FileService.java:44) File service shutting down 
02 Mar 2026 14:27:55,568 INFO com.sismics.util.jpa.EMF.getEntityManagerProperties(EMF.java:67) Configuring EntityManager from hibernate.properties 
02 Mar 2026 14:27:56,058 INFO com.sismics.util.jpa.DbOpenHelper.open(DbOpenHelper.java:57) Opening database and executing incremental updates 
02 Mar 2026 14:27:56,059 INFO com.sismics.util.jpa.DbOpenHelper.open(DbOpenHelper.java:83) Unable to get database version: Table T_CONFIG not found 
02 Mar 2026 14:27:56,059 INFO com.sismics.util.jpa.DbOpenHelper.open(DbOpenHelper.java:98) Executing initial schema creation script 
02 Mar 2026 14:27:56,064 INFO com.sismics.util.jpa.DbOpenHelper.executeAllScript(DbOpenHelper.java:142) Executing script: dbupdate-000-0.sql 
02 Mar 2026 14:27:56,120 INFO com.sismics.util.jpa.DbOpenHelper.executeAllScript(DbOpenHelper.java:142) Executing script: dbupdate-000-1.sql 
02 Mar 2026 14:27:56,123 INFO com.sismics.util.jpa.DbOpenHelper.open(DbOpenHelper.java:106) Found database version 0, new version is 31, executing database incremental update scripts 
02 Mar 2026 14:27:56,125 INFO com.sismics.util.jpa.DbOpenHelper.executeAllScript(DbOpenHelper.java:142) Executing script: dbupdate-001-0.sql 
02 Mar 2026 14:27:56,152 INFO com.sismics.util.jpa.DbOpenHelper.executeAllScript(DbOpenHelper.java:142) Executing script: dbupdate-002-0.sql 
02 Mar 2026 14:27:56,158 INFO com.sismics.util.jpa.DbOpenHelper.executeAllScript(DbOpenHelper.java:142) Executing script: dbupdate-003-0.sql 
02 Mar 2026 14:27:56,164 INFO com.sismics.util.jpa.DbOpenHelper.executeAllScript(DbOpenHelper.java:142) Executing script: dbupdate-004-0.sql 
02 Mar 2026 14:27:56,175 INFO com.sismics.util.jpa.DbOpenHelper.executeAllScript(DbOpenHelper.java:142) Executing script: dbupdate-005-0.sql 
02 Mar 2026 14:27:56,177 INFO com.sismics.util.jpa.DbOpenHelper.executeAllScript(DbOpenHelper.java:142) Executing script: dbupdate-006-0.sql 
02 Mar 2026 14:27:56,271 INFO com.sismics.util.jpa.DbOpenHelper.executeAllScript(DbOpenHelper.java:142) Executing script: dbupdate-007-0.sql 
02 Mar 2026 14:27:56,274 INFO com.sismics.util.jpa.DbOpenHelper.executeAllScript(DbOpenHelper.java:142) Executing script: dbupdate-008-0.sql 
02 Mar 2026 14:27:56,276 INFO com.sismics.util.jpa.DbOpenHelper.executeAllScript(DbOpenHelper.java:142) Executing script: dbupdate-009-0.sql 
02 Mar 2026 14:27:56,281 INFO com.sismics.util.jpa.DbOpenHelper.executeAllScript(DbOpenHelper.java:142) Executing script: dbupdate-010-0.sql 
02 Mar 2026 14:27:56,282 INFO com.sismics.util.jpa.DbOpenHelper.executeAllScript(DbOpenHelper.java:142) Executing script: dbupdate-011-0.sql 
02 Mar 2026 14:27:56,286 INFO com.sismics.util.jpa.DbOpenHelper.executeAllScript(DbOpenHelper.java:142) Executing script: dbupdate-012-0.sql 
02 Mar 2026 14:27:56,289 INFO com.sismics.util.jpa.DbOpenHelper.executeAllScript(DbOpenHelper.java:142) Executing script: dbupdate-013-0.sql 
02 Mar 2026 14:27:56,290 INFO com.sismics.util.jpa.DbOpenHelper.executeAllScript(DbOpenHelper.java:142) Executing script: dbupdate-014-0.sql 
02 Mar 2026 14:27:56,294 INFO com.sismics.util.jpa.DbOpenHelper.executeAllScript(DbOpenHelper.java:142) Executing script: dbupdate-015-0.sql 
02 Mar 2026 14:27:56,300 INFO com.sismics.util.jpa.DbOpenHelper.executeAllScript(DbOpenHelper.java:142) Executing script: dbupdate-016-0.sql 
02 Mar 2026 14:27:56,300 INFO com.sismics.util.jpa.DbOpenHelper.executeAllScript(DbOpenHelper.java:142) Executing script: dbupdate-017-0.sql 
02 Mar 2026 14:27:56,301 INFO com.sismics.util.jpa.DbOpenHelper.executeAllScript(DbOpenHelper.java:142) Executing script: dbupdate-018-0.sql 
02 Mar 2026 14:27:56,312 INFO com.sismics.util.jpa.DbOpenHelper.executeAllScript(DbOpenHelper.java:142) Executing script: dbupdate-019-0.sql 
02 Mar 2026 14:27:56,314 INFO com.sismics.util.jpa.DbOpenHelper.executeAllScript(DbOpenHelper.java:142) Executing script: dbupdate-020-0.sql 
02 Mar 2026 14:27:56,315 INFO com.sismics.util.jpa.DbOpenHelper.executeAllScript(DbOpenHelper.java:142) Executing script: dbupdate-021-0.sql 
02 Mar 2026 14:27:56,319 INFO com.sismics.util.jpa.DbOpenHelper.executeAllScript(DbOpenHelper.java:142) Executing script: dbupdate-022-0.sql 
02 Mar 2026 14:27:56,324 INFO com.sismics.util.jpa.DbOpenHelper.executeAllScript(DbOpenHelper.java:142) Executing script: dbupdate-023-0.sql 
02 Mar 2026 14:27:56,327 INFO com.sismics.util.jpa.DbOpenHelper.executeAllScript(DbOpenHelper.java:142) Executing script: dbupdate-024-0.sql 
02 Mar 2026 14:27:56,330 INFO com.sismics.util.jpa.DbOpenHelper.executeAllScript(DbOpenHelper.java:142) Executing script: dbupdate-025-0.sql 
02 Mar 2026 14:27:56,331 INFO com.sismics.util.jpa.DbOpenHelper.executeAllScript(DbOpenHelper.java:142) Executing script: dbupdate-026-0.sql 
02 Mar 2026 14:27:56,331 INFO com.sismics.util.jpa.DbOpenHelper.executeAllScript(DbOpenHelper.java:142) Executing script: dbupdate-027-0.sql 
02 Mar 2026 14:27:56,332 INFO com.sismics.util.jpa.DbOpenHelper.executeAllScript(DbOpenHelper.java:142) Executing script: dbupdate-028-0.sql 
02 Mar 2026 14:27:56,333 INFO com.sismics.util.jpa.DbOpenHelper.executeAllScript(DbOpenHelper.java:142) Executing script: dbupdate-029-0.sql 
02 Mar 2026 14:27:56,336 INFO com.sismics.util.jpa.DbOpenHelper.executeAllScript(DbOpenHelper.java:142) Executing script: dbupdate-030-0.sql 
02 Mar 2026 14:27:56,337 INFO com.sismics.util.jpa.DbOpenHelper.executeAllScript(DbOpenHelper.java:142) Executing script: dbupdate-031-0.sql 
02 Mar 2026 14:27:56,338 INFO com.sismics.util.jpa.DbOpenHelper.open(DbOpenHelper.java:108) Database upgrade complete 
02 Mar 2026 14:27:56,338 INFO com.sismics.util.jpa.EMF.getEntityManagerProperties(EMF.java:67) Configuring EntityManager from hibernate.properties 
02 Mar 2026 14:27:57,881 INFO com.sismics.util.ClasspathScanner.findClasses(ClasspathScanner.java:48) Found 1 classes for IndexingHandler 
02 Mar 2026 14:27:57,918 INFO com.sismics.docs.core.util.indexing.LuceneIndexingHandler.initLucene(LuceneIndexingHandler.java:129) Using RAM Lucene storage 
02 Mar 2026 14:27:57,983 INFO com.sismics.docs.core.service.FileService.startUp(FileService.java:39) File service starting up 
02 Mar 2026 14:27:57,987 INFO com.sismics.docs.core.service.InboxService.startUp(InboxService.java:52) Inbox service starting up 
02 Mar 2026 14:27:57,988 INFO com.sismics.docs.core.service.FileSizeService.startUp(FileSizeService.java:30) File size service starting up 
02 Mar 2026 14:27:58,208 INFO com.sismics.docs.core.service.FileSizeService.lambda$runOneIteration$0(FileSizeService.java:50) No more file to process, stopping the service 
02 Mar 2026 14:27:58,209 INFO com.sismics.docs.core.service.FileSizeService.shutDown(FileSizeService.java:35) File size service shutting down 
02 Mar 2026 14:28:11,036 INFO com.sismics.util.ClasspathScanner.findClasses(ClasspathScanner.java:48) Found 2 classes for AuthenticationHandler 
02 Mar 2026 14:28:23,734 INFO com.sismics.docs.core.service.InboxService.shutDown(InboxService.java:57) Inbox service shutting down 
02 Mar 2026 14:28:23,734 INFO com.sismics.docs.core.service.FileService.shutDown(FileService.java:44) File service shutting down 
02 Mar 2026 14:39:57,331 INFO com.sismics.util.jpa.EMF.getEntityManagerProperties(EMF.java:67) Configuring EntityManager from hibernate.properties 
02 Mar 2026 14:39:57,801 INFO com.sismics.util.jpa.DbOpenHelper.open(DbOpenHelper.java:57) Opening database and executing incremental updates 
02 Mar 2026 14:39:57,802 INFO com.sismics.util.jpa.DbOpenHelper.open(DbOpenHelper.java:83) Unable to get database version: Table T_CONFIG not found 
02 Mar 2026 14:39:57,802 INFO com.sismics.util.jpa.DbOpenHelper.open(DbOpenHelper.java:98) Executing initial schema creation script 
02 Mar 2026 14:39:57,805 INFO com.sismics.util.jpa.DbOpenHelper.executeAllScript(DbOpenHelper.java:142) Executing script: dbupdate-000-0.sql 
02 Mar 2026 14:39:57,868 INFO com.sismics.util.jpa.DbOpenHelper.executeAllScript(DbOpenHelper.java:142) Executing script: dbupdate-000-1.sql 
02 Mar 2026 14:39:57,872 INFO com.sismics.util.jpa.DbOpenHelper.open(DbOpenHelper.java:106) Found database version 0, new version is 31, executing database incremental update scripts 
02 Mar 2026 14:39:57,874 INFO com.sismics.util.jpa.DbOpenHelper.executeAllScript(DbOpenHelper.java:142) Executing script: dbupdate-001-0.sql 
02 Mar 2026 14:39:57,905 INFO com.sismics.util.jpa.DbOpenHelper.executeAllScript(DbOpenHelper.java:142) Executing script: dbupdate-002-0.sql 
02 Mar 2026 14:39:57,912 INFO com.sismics.util.jpa.DbOpenHelper.executeAllScript(DbOpenHelper.java:142) Executing script: dbupdate-003-0.sql 
02 Mar 2026 14:39:57,918 INFO com.sismics.util.jpa.DbOpenHelper.executeAllScript(DbOpenHelper.java:142) Executing script: dbupdate-004-0.sql 
02 Mar 2026 14:39:57,931 INFO com.sismics.util.jpa.DbOpenHelper.executeAllScript(DbOpenHelper.java:142) Executing script: dbupdate-005-0.sql 
02 Mar 2026 14:39:57,933 INFO com.sismics.util.jpa.DbOpenHelper.executeAllScript(DbOpenHelper.java:142) Executing script: dbupdate-006-0.sql 
02 Mar 2026 14:39:58,038 INFO com.sismics.util.jpa.DbOpenHelper.executeAllScript(DbOpenHelper.java:142) Executing script: dbupdate-007-0.sql 
02 Mar 2026 14:39:58,042 INFO com.sismics.util.jpa.DbOpenHelper.executeAllScript(DbOpenHelper.java:142) Executing script: dbupdate-008-0.sql 
02 Mar 2026 14:39:58,044 INFO com.sismics.util.jpa.DbOpenHelper.executeAllScript(DbOpenHelper.java:142) Executing script: dbupdate-009-0.sql 
02 Mar 2026 14:39:58,050 INFO com.sismics.util.jpa.DbOpenHelper.executeAllScript(DbOpenHelper.java:142) Executing script: dbupdate-010-0.sql 
02 Mar 2026 14:39:58,052 INFO com.sismics.util.jpa.DbOpenHelper.executeAllScript(DbOpenHelper.java:142) Executing script: dbupdate-011-0.sql 
02 Mar 2026 14:39:58,056 INFO com.sismics.util.jpa.DbOpenHelper.executeAllScript(DbOpenHelper.java:142) Executing script: dbupdate-012-0.sql 
02 Mar 2026 14:39:58,059 INFO com.sismics.util.jpa.DbOpenHelper.executeAllScript(DbOpenHelper.java:142) Executing script: dbupdate-013-0.sql 
02 Mar 2026 14:39:58,060 INFO com.sismics.util.jpa.DbOpenHelper.executeAllScript(DbOpenHelper.java:142) Executing script: dbupdate-014-0.sql 
02 Mar 2026 14:39:58,064 INFO com.sismics.util.jpa.DbOpenHelper.executeAllScript(DbOpenHelper.java:142) Executing script: dbupdate-015-0.sql 
02 Mar 2026 14:39:58,072 INFO com.sismics.util.jpa.DbOpenHelper.executeAllScript(DbOpenHelper.java:142) Executing script: dbupdate-016-0.sql 
02 Mar 2026 14:39:58,073 INFO com.sismics.util.jpa.DbOpenHelper.executeAllScript(DbOpenHelper.java:142) Executing script: dbupdate-017-0.sql 
02 Mar 2026 14:39:58,074 INFO com.sismics.util.jpa.DbOpenHelper.executeAllScript(DbOpenHelper.java:142) Executing script: dbupdate-018-0.sql 
02 Mar 2026 14:39:58,088 INFO com.sismics.util.jpa.DbOpenHelper.executeAllScript(DbOpenHelper.java:142) Executing script: dbupdate-019-0.sql 
02 Mar 2026 14:39:58,090 INFO com.sismics.util.jpa.DbOpenHelper.executeAllScript(DbOpenHelper.java:142) Executing script: dbupdate-020-0.sql 
02 Mar 2026 14:39:58,091 INFO com.sismics.util.jpa.DbOpenHelper.executeAllScript(DbOpenHelper.java:142) Executing script: dbupdate-021-0.sql 
02 Mar 2026 14:39:58,096 INFO com.sismics.util.jpa.DbOpenHelper.executeAllScript(DbOpenHelper.java:142) Executing script: dbupdate-022-0.sql 
02 Mar 2026 14:39:58,107 INFO com.sismics.util.jpa.DbOpenHelper.executeAllScript(DbOpenHelper.java:142) Executing script: dbupdate-023-0.sql 
02 Mar 2026 14:39:58,110 INFO com.sismics.util.jpa.DbOpenHelper.executeAllScript(DbOpenHelper.java:142) Executing script: dbupdate-024-0.sql 
02 Mar 2026 14:39:58,114 INFO com.sismics.util.jpa.DbOpenHelper.executeAllScript(DbOpenHelper.java:142) Executing script: dbupdate-025-0.sql 
02 Mar 2026 14:39:58,115 INFO com.sismics.util.jpa.DbOpenHelper.executeAllScript(DbOpenHelper.java:142) Executing script: dbupdate-026-0.sql 
02 Mar 2026 14:39:58,116 INFO com.sismics.util.jpa.DbOpenHelper.executeAllScript(DbOpenHelper.java:142) Executing script: dbupdate-027-0.sql 
02 Mar 2026 14:39:58,117 INFO com.sismics.util.jpa.DbOpenHelper.executeAllScript(DbOpenHelper.java:142) Executing script: dbupdate-028-0.sql 
02 Mar 2026 14:39:58,118 INFO com.sismics.util.jpa.DbOpenHelper.executeAllScript(DbOpenHelper.java:142) Executing script: dbupdate-029-0.sql 
02 Mar 2026 14:39:58,123 INFO com.sismics.util.jpa.DbOpenHelper.executeAllScript(DbOpenHelper.java:142) Executing script: dbupdate-030-0.sql 
02 Mar 2026 14:39:58,124 INFO com.sismics.util.jpa.DbOpenHelper.executeAllScript(DbOpenHelper.java:142) Executing script: dbupdate-031-0.sql 
02 Mar 2026 14:39:58,125 INFO com.sismics.util.jpa.DbOpenHelper.open(DbOpenHelper.java:108) Database upgrade complete 
02 Mar 2026 14:39:58,125 INFO com.sismics.util.jpa.EMF.getEntityManagerProperties(EMF.java:67) Configuring EntityManager from hibernate.properties 
02 Mar 2026 14:39:59,697 INFO com.sismics.util.ClasspathScanner.findClasses(ClasspathScanner.java:48) Found 1 classes for IndexingHandler 
02 Mar 2026 14:39:59,733 INFO com.sismics.docs.core.util.indexing.LuceneIndexingHandler.initLucene(LuceneIndexingHandler.java:129) Using RAM Lucene storage 
02 Mar 2026 14:39:59,799 INFO com.sismics.docs.core.service.FileService.startUp(FileService.java:39) File service starting up 
02 Mar 2026 14:39:59,803 INFO com.sismics.docs.core.service.InboxService.startUp(InboxService.java:52) Inbox service starting up 
02 Mar 2026 14:39:59,804 INFO com.sismics.docs.core.service.FileSizeService.startUp(FileSizeService.java:30) File size service starting up 
02 Mar 2026 14:40:00,017 INFO com.sismics.docs.core.service.FileSizeService.lambda$runOneIteration$0(FileSizeService.java:50) No more file to process, stopping the service 
02 Mar 2026 14:40:00,018 INFO com.sismics.docs.core.service.FileSizeService.shutDown(FileSizeService.java:35) File size service shutting down 
02 Mar 2026 14:40:16,093 INFO com.sismics.util.ClasspathScanner.findClasses(ClasspathScanner.java:48) Found 2 classes for AuthenticationHandler 
02 Mar 2026 14:40:22,183 INFO com.sismics.docs.core.listener.async.DocumentCreatedAsyncListener.on(DocumentCreatedAsyncListener.java:35) Document created event: DocumentCreatedAsyncEvent{documentId=b0ef7ba5-f49f-4d01-9768-127e0c2b3b62} 
02 Mar 2026 14:40:29,130 INFO com.sismics.docs.core.service.InboxService.shutDown(InboxService.java:57) Inbox service shutting down 
02 Mar 2026 14:40:29,131 INFO com.sismics.docs.core.service.FileService.shutDown(FileService.java:44) File service shutting down 
02 Mar 2026 14:40:33,920 INFO com.sismics.util.jpa.EMF.getEntityManagerProperties(EMF.java:67) Configuring EntityManager from hibernate.properties 
02 Mar 2026 14:40:34,283 INFO com.sismics.util.jpa.DbOpenHelper.open(DbOpenHelper.java:57) Opening database and executing incremental updates 
02 Mar 2026 14:40:34,284 INFO com.sismics.util.jpa.DbOpenHelper.open(DbOpenHelper.java:83) Unable to get database version: Table T_CONFIG not found 
02 Mar 2026 14:40:34,284 INFO com.sismics.util.jpa.DbOpenHelper.open(DbOpenHelper.java:98) Executing initial schema creation script 
02 Mar 2026 14:40:34,287 INFO com.sismics.util.jpa.DbOpenHelper.executeAllScript(DbOpenHelper.java:142) Executing script: dbupdate-000-0.sql 
02 Mar 2026 14:40:34,342 INFO com.sismics.util.jpa.DbOpenHelper.executeAllScript(DbOpenHelper.java:142) Executing script: dbupdate-000-1.sql 
02 Mar 2026 14:40:34,346 INFO com.sismics.util.jpa.DbOpenHelper.open(DbOpenHelper.java:106) Found database version 0, new version is 31, executing database incremental update scripts 
02 Mar 2026 14:40:34,348 INFO com.sismics.util.jpa.DbOpenHelper.executeAllScript(DbOpenHelper.java:142) Executing script: dbupdate-001-0.sql 
02 Mar 2026 14:40:34,377 INFO com.sismics.util.jpa.DbOpenHelper.executeAllScript(DbOpenHelper.java:142) Executing script: dbupdate-002-0.sql 
02 Mar 2026 14:40:34,383 INFO com.sismics.util.jpa.DbOpenHelper.executeAllScript(DbOpenHelper.java:142) Executing script: dbupdate-003-0.sql 
02 Mar 2026 14:40:34,388 INFO com.sismics.util.jpa.DbOpenHelper.executeAllScript(DbOpenHelper.java:142) Executing script: dbupdate-004-0.sql 
02 Mar 2026 14:40:34,401 INFO com.sismics.util.jpa.DbOpenHelper.executeAllScript(DbOpenHelper.java:142) Executing script: dbupdate-005-0.sql 
02 Mar 2026 14:40:34,402 INFO com.sismics.util.jpa.DbOpenHelper.executeAllScript(DbOpenHelper.java:142) Executing script: dbupdate-006-0.sql 
02 Mar 2026 14:40:34,507 INFO com.sismics.util.jpa.DbOpenHelper.executeAllScript(DbOpenHelper.java:142) Executing script: dbupdate-007-0.sql 
02 Mar 2026 14:40:34,510 INFO com.sismics.util.jpa.DbOpenHelper.executeAllScript(DbOpenHelper.java:142) Executing script: dbupdate-008-0.sql 
02 Mar 2026 14:40:34,512 INFO com.sismics.util.jpa.DbOpenHelper.executeAllScript(DbOpenHelper.java:142) Executing script: dbupdate-009-0.sql 
02 Mar 2026 14:40:34,516 INFO com.sismics.util.jpa.DbOpenHelper.executeAllScript(DbOpenHelper.java:142) Executing script: dbupdate-010-0.sql 
02 Mar 2026 14:40:34,519 INFO com.sismics.util.jpa.DbOpenHelper.executeAllScript(DbOpenHelper.java:142) Executing script: dbupdate-011-0.sql 
02 Mar 2026 14:40:34,524 INFO com.sismics.util.jpa.DbOpenHelper.executeAllScript(DbOpenHelper.java:142) Executing script: dbupdate-012-0.sql 
02 Mar 2026 14:40:34,527 INFO com.sismics.util.jpa.DbOpenHelper.executeAllScript(DbOpenHelper.java:142) Executing script: dbupdate-013-0.sql 
02 Mar 2026 14:40:34,528 INFO com.sismics.util.jpa.DbOpenHelper.executeAllScript(DbOpenHelper.java:142) Executing script: dbupdate-014-0.sql 
02 Mar 2026 14:40:34,531 INFO com.sismics.util.jpa.DbOpenHelper.executeAllScript(DbOpenHelper.java:142) Executing script: dbupdate-015-0.sql 
02 Mar 2026 14:40:34,538 INFO com.sismics.util.jpa.DbOpenHelper.executeAllScript(DbOpenHelper.java:142) Executing script: dbupdate-016-0.sql 
02 Mar 2026 14:40:34,539 INFO com.sismics.util.jpa.DbOpenHelper.executeAllScript(DbOpenHelper.java:142) Executing script: dbupdate-017-0.sql 
02 Mar 2026 14:40:34,541 INFO com.sismics.util.jpa.DbOpenHelper.executeAllScript(DbOpenHelper.java:142) Executing script: dbupdate-018-0.sql 
02 Mar 2026 14:40:34,555 INFO com.sismics.util.jpa.DbOpenHelper.executeAllScript(DbOpenHelper.java:142) Executing script: dbupdate-019-0.sql 
02 Mar 2026 14:40:34,556 INFO com.sismics.util.jpa.DbOpenHelper.executeAllScript(DbOpenHelper.java:142) Executing script: dbupdate-020-0.sql 
02 Mar 2026 14:40:34,557 INFO com.sismics.util.jpa.DbOpenHelper.executeAllScript(DbOpenHelper.java:142) Executing script: dbupdate-021-0.sql 
02 Mar 2026 14:40:34,561 INFO com.sismics.util.jpa.DbOpenHelper.executeAllScript(DbOpenHelper.java:142) Executing script: dbupdate-022-0.sql 
02 Mar 2026 14:40:34,567 INFO com.sismics.util.jpa.DbOpenHelper.executeAllScript(DbOpenHelper.java:142) Executing script: dbupdate-023-0.sql 
02 Mar 2026 14:40:34,570 INFO com.sismics.util.jpa.DbOpenHelper.executeAllScript(DbOpenHelper.java:142) Executing script: dbupdate-024-0.sql 
02 Mar 2026 14:40:34,573 INFO com.sismics.util.jpa.DbOpenHelper.executeAllScript(DbOpenHelper.java:142) Executing script: dbupdate-025-0.sql 
02 Mar 2026 14:40:34,574 INFO com.sismics.util.jpa.DbOpenHelper.executeAllScript(DbOpenHelper.java:142) Executing script: dbupdate-026-0.sql 
02 Mar 2026 14:40:34,574 INFO com.sismics.util.jpa.DbOpenHelper.executeAllScript(DbOpenHelper.java:142) Executing script: dbupdate-027-0.sql 
02 Mar 2026 14:40:34,575 INFO com.sismics.util.jpa.DbOpenHelper.executeAllScript(DbOpenHelper.java:142) Executing script: dbupdate-028-0.sql 
02 Mar 2026 14:40:34,576 INFO com.sismics.util.jpa.DbOpenHelper.executeAllScript(DbOpenHelper.java:142) Executing script: dbupdate-029-0.sql 
02 Mar 2026 14:40:34,578 INFO com.sismics.util.jpa.DbOpenHelper.executeAllScript(DbOpenHelper.java:142) Executing script: dbupdate-030-0.sql 
02 Mar 2026 14:40:34,579 INFO com.sismics.util.jpa.DbOpenHelper.executeAllScript(DbOpenHelper.java:142) Executing script: dbupdate-031-0.sql 
02 Mar 2026 14:40:34,580 INFO com.sismics.util.jpa.DbOpenHelper.open(DbOpenHelper.java:108) Database upgrade complete 
02 Mar 2026 14:40:34,580 INFO com.sismics.util.jpa.EMF.getEntityManagerProperties(EMF.java:67) Configuring EntityManager from hibernate.properties 
02 Mar 2026 14:40:35,874 INFO com.sismics.util.ClasspathScanner.findClasses(ClasspathScanner.java:48) Found 1 classes for IndexingHandler 
02 Mar 2026 14:40:35,902 INFO com.sismics.docs.core.util.indexing.LuceneIndexingHandler.initLucene(LuceneIndexingHandler.java:129) Using RAM Lucene storage 
02 Mar 2026 14:40:35,949 INFO com.sismics.docs.core.service.FileService.startUp(FileService.java:39) File service starting up 
02 Mar 2026 14:40:35,951 INFO com.sismics.docs.core.service.InboxService.startUp(InboxService.java:52) Inbox service starting up 
02 Mar 2026 14:40:35,952 INFO com.sismics.docs.core.service.FileSizeService.startUp(FileSizeService.java:30) File size service starting up 
02 Mar 2026 14:40:36,146 INFO com.sismics.docs.core.service.FileSizeService.lambda$runOneIteration$0(FileSizeService.java:50) No more file to process, stopping the service 
02 Mar 2026 14:40:36,146 INFO com.sismics.docs.core.service.FileSizeService.shutDown(FileSizeService.java:35) File size service shutting down 
02 Mar 2026 14:40:47,567 INFO com.sismics.util.ClasspathScanner.findClasses(ClasspathScanner.java:48) Found 2 classes for AuthenticationHandler 
02 Mar 2026 14:40:58,091 INFO com.sismics.docs.core.service.InboxService.shutDown(InboxService.java:57) Inbox service shutting down 
02 Mar 2026 14:40:58,092 INFO com.sismics.docs.core.service.FileService.shutDown(FileService.java:44) File service shutting down 
02 Mar 2026 14:48:49,433 INFO com.sismics.util.jpa.EMF.getEntityManagerProperties(EMF.java:67) Configuring EntityManager from hibernate.properties 
02 Mar 2026 14:48:49,826 INFO com.sismics.util.jpa.DbOpenHelper.open(DbOpenHelper.java:57) Opening database and executing incremental updates 
02 Mar 2026 14:48:49,827 INFO com.sismics.util.jpa.DbOpenHelper.open(DbOpenHelper.java:83) Unable to get database version: Table T_CONFIG not found 
02 Mar 2026 14:48:49,827 INFO com.sismics.util.jpa.DbOpenHelper.open(DbOpenHelper.java:98) Executing initial schema creation script 
02 Mar 2026 14:48:49,831 INFO com.sismics.util.jpa.DbOpenHelper.executeAllScript(DbOpenHelper.java:142) Executing script: dbupdate-000-0.sql 
02 Mar 2026 14:48:49,893 INFO com.sismics.util.jpa.DbOpenHelper.executeAllScript(DbOpenHelper.java:142) Executing script: dbupdate-000-1.sql 
02 Mar 2026 14:48:49,897 INFO com.sismics.util.jpa.DbOpenHelper.open(DbOpenHelper.java:106) Found database version 0, new version is 31, executing database incremental update scripts 
02 Mar 2026 14:48:49,900 INFO com.sismics.util.jpa.DbOpenHelper.executeAllScript(DbOpenHelper.java:142) Executing script: dbupdate-001-0.sql 
02 Mar 2026 14:48:49,932 INFO com.sismics.util.jpa.DbOpenHelper.executeAllScript(DbOpenHelper.java:142) Executing script: dbupdate-002-0.sql 
02 Mar 2026 14:48:49,938 INFO com.sismics.util.jpa.DbOpenHelper.executeAllScript(DbOpenHelper.java:142) Executing script: dbupdate-003-0.sql 
02 Mar 2026 14:48:49,944 INFO com.sismics.util.jpa.DbOpenHelper.executeAllScript(DbOpenHelper.java:142) Executing script: dbupdate-004-0.sql 
02 Mar 2026 14:48:49,959 INFO com.sismics.util.jpa.DbOpenHelper.executeAllScript(DbOpenHelper.java:142) Executing script: dbupdate-005-0.sql 
02 Mar 2026 14:48:49,961 INFO com.sismics.util.jpa.DbOpenHelper.executeAllScript(DbOpenHelper.java:142) Executing script: dbupdate-006-0.sql 
02 Mar 2026 14:48:50,061 INFO com.sismics.util.jpa.DbOpenHelper.executeAllScript(DbOpenHelper.java:142) Executing script: dbupdate-007-0.sql 
02 Mar 2026 14:48:50,065 INFO com.sismics.util.jpa.DbOpenHelper.executeAllScript(DbOpenHelper.java:142) Executing script: dbupdate-008-0.sql 
02 Mar 2026 14:48:50,067 INFO com.sismics.util.jpa.DbOpenHelper.executeAllScript(DbOpenHelper.java:142) Executing script: dbupdate-009-0.sql 
02 Mar 2026 14:48:50,071 INFO com.sismics.util.jpa.DbOpenHelper.executeAllScript(DbOpenHelper.java:142) Executing script: dbupdate-010-0.sql 
02 Mar 2026 14:48:50,073 INFO com.sismics.util.jpa.DbOpenHelper.executeAllScript(DbOpenHelper.java:142) Executing script: dbupdate-011-0.sql 
02 Mar 2026 14:48:50,077 INFO com.sismics.util.jpa.DbOpenHelper.executeAllScript(DbOpenHelper.java:142) Executing script: dbupdate-012-0.sql 
02 Mar 2026 14:48:50,080 INFO com.sismics.util.jpa.DbOpenHelper.executeAllScript(DbOpenHelper.java:142) Executing script: dbupdate-013-0.sql 
02 Mar 2026 14:48:50,081 INFO com.sismics.util.jpa.DbOpenHelper.executeAllScript(DbOpenHelper.java:142) Executing script: dbupdate-014-0.sql 
02 Mar 2026 14:48:50,085 INFO com.sismics.util.jpa.DbOpenHelper.executeAllScript(DbOpenHelper.java:142) Executing script: dbupdate-015-0.sql 
02 Mar 2026 14:48:50,093 INFO com.sismics.util.jpa.DbOpenHelper.executeAllScript(DbOpenHelper.java:142) Executing script: dbupdate-016-0.sql 
02 Mar 2026 14:48:50,094 INFO com.sismics.util.jpa.DbOpenHelper.executeAllScript(DbOpenHelper.java:142) Executing script: dbupdate-017-0.sql 
02 Mar 2026 14:48:50,095 INFO com.sismics.util.jpa.DbOpenHelper.executeAllScript(DbOpenHelper.java:142) Executing script: dbupdate-018-0.sql 
02 Mar 2026 14:48:50,107 INFO com.sismics.util.jpa.DbOpenHelper.executeAllScript(DbOpenHelper.java:142) Executing script: dbupdate-019-0.sql 
02 Mar 2026 14:48:50,109 INFO com.sismics.util.jpa.DbOpenHelper.executeAllScript(DbOpenHelper.java:142) Executing script: dbupdate-020-0.sql 
02 Mar 2026 14:48:50,110 INFO com.sismics.util.jpa.DbOpenHelper.executeAllScript(DbOpenHelper.java:142) Executing script: dbupdate-021-0.sql 
02 Mar 2026 14:48:50,115 INFO com.sismics.util.jpa.DbOpenHelper.executeAllScript(DbOpenHelper.java:142) Executing script: dbupdate-022-0.sql 
02 Mar 2026 14:48:50,121 INFO com.sismics.util.jpa.DbOpenHelper.executeAllScript(DbOpenHelper.java:142) Executing script: dbupdate-023-0.sql 
02 Mar 2026 14:48:50,125 INFO com.sismics.util.jpa.DbOpenHelper.executeAllScript(DbOpenHelper.java:142) Executing script: dbupdate-024-0.sql 
02 Mar 2026 14:48:50,128 INFO com.sismics.util.jpa.DbOpenHelper.executeAllScript(DbOpenHelper.java:142) Executing script: dbupdate-025-0.sql 
02 Mar 2026 14:48:50,130 INFO com.sismics.util.jpa.DbOpenHelper.executeAllScript(DbOpenHelper.java:142) Executing script: dbupdate-026-0.sql 
02 Mar 2026 14:48:50,130 INFO com.sismics.util.jpa.DbOpenHelper.executeAllScript(DbOpenHelper.java:142) Executing script: dbupdate-027-0.sql 
02 Mar 2026 14:48:50,131 INFO com.sismics.util.jpa.DbOpenHelper.executeAllScript(DbOpenHelper.java:142) Executing script: dbupdate-028-0.sql 
02 Mar 2026 14:48:50,132 INFO com.sismics.util.jpa.DbOpenHelper.executeAllScript(DbOpenHelper.java:142) Executing script: dbupdate-029-0.sql 
02 Mar 2026 14:48:50,135 INFO com.sismics.util.jpa.DbOpenHelper.executeAllScript(DbOpenHelper.java:142) Executing script: dbupdate-030-0.sql 
02 Mar 2026 14:48:50,136 INFO com.sismics.util.jpa.DbOpenHelper.executeAllScript(DbOpenHelper.java:142) Executing script: dbupdate-031-0.sql 
02 Mar 2026 14:48:50,137 INFO com.sismics.util.jpa.DbOpenHelper.open(DbOpenHelper.java:108) Database upgrade complete 
02 Mar 2026 14:48:50,138 INFO com.sismics.util.jpa.EMF.getEntityManagerProperties(EMF.java:67) Configuring EntityManager from hibernate.properties 
02 Mar 2026 14:48:51,515 INFO com.sismics.util.ClasspathScanner.findClasses(ClasspathScanner.java:48) Found 1 classes for IndexingHandler 
02 Mar 2026 14:48:51,546 INFO com.sismics.docs.core.util.indexing.LuceneIndexingHandler.initLucene(LuceneIndexingHandler.java:129) Using RAM Lucene storage 
02 Mar 2026 14:48:51,594 INFO com.sismics.docs.core.service.FileService.startUp(FileService.java:39) File service starting up 
02 Mar 2026 14:48:51,596 INFO com.sismics.docs.core.service.InboxService.startUp(InboxService.java:52) Inbox service starting up 
02 Mar 2026 14:48:51,597 INFO com.sismics.docs.core.service.FileSizeService.startUp(FileSizeService.java:30) File size service starting up 
02 Mar 2026 14:48:51,796 INFO com.sismics.docs.core.service.FileSizeService.lambda$runOneIteration$0(FileSizeService.java:50) No more file to process, stopping the service 
02 Mar 2026 14:48:51,797 INFO com.sismics.docs.core.service.FileSizeService.shutDown(FileSizeService.java:35) File size service shutting down 
02 Mar 2026 14:49:51,851 INFO com.sismics.docs.core.service.InboxService.shutDown(InboxService.java:57) Inbox service shutting down 
02 Mar 2026 14:49:51,852 INFO com.sismics.docs.core.service.FileService.shutDown(FileService.java:44) File service shutting down 
02 Mar 2026 14:51:37,989 INFO com.sismics.util.jpa.EMF.getEntityManagerProperties(EMF.java:67) Configuring EntityManager from hibernate.properties 
02 Mar 2026 14:51:38,354 INFO com.sismics.util.jpa.DbOpenHelper.open(DbOpenHelper.java:57) Opening database and executing incremental updates 
02 Mar 2026 14:51:38,355 INFO com.sismics.util.jpa.DbOpenHelper.open(DbOpenHelper.java:83) Unable to get database version: Table T_CONFIG not found 
02 Mar 2026 14:51:38,355 INFO com.sismics.util.jpa.DbOpenHelper.open(DbOpenHelper.java:98) Executing initial schema creation script 
02 Mar 2026 14:51:38,358 INFO com.sismics.util.jpa.DbOpenHelper.executeAllScript(DbOpenHelper.java:142) Executing script: dbupdate-000-0.sql 
02 Mar 2026 14:51:38,424 INFO com.sismics.util.jpa.DbOpenHelper.executeAllScript(DbOpenHelper.java:142) Executing script: dbupdate-000-1.sql 
02 Mar 2026 14:51:38,428 INFO com.sismics.util.jpa.DbOpenHelper.open(DbOpenHelper.java:106) Found database version 0, new version is 31, executing database incremental update scripts 
02 Mar 2026 14:51:38,432 INFO com.sismics.util.jpa.DbOpenHelper.executeAllScript(DbOpenHelper.java:142) Executing script: dbupdate-001-0.sql 
02 Mar 2026 14:51:38,466 INFO com.sismics.util.jpa.DbOpenHelper.executeAllScript(DbOpenHelper.java:142) Executing script: dbupdate-002-0.sql 
02 Mar 2026 14:51:38,473 INFO com.sismics.util.jpa.DbOpenHelper.executeAllScript(DbOpenHelper.java:142) Executing script: dbupdate-003-0.sql 
02 Mar 2026 14:51:38,479 INFO com.sismics.util.jpa.DbOpenHelper.executeAllScript(DbOpenHelper.java:142) Executing script: dbupdate-004-0.sql 
02 Mar 2026 14:51:38,494 INFO com.sismics.util.jpa.DbOpenHelper.executeAllScript(DbOpenHelper.java:142) Executing script: dbupdate-005-0.sql 
02 Mar 2026 14:51:38,496 INFO com.sismics.util.jpa.DbOpenHelper.executeAllScript(DbOpenHelper.java:142) Executing script: dbupdate-006-0.sql 
02 Mar 2026 14:51:38,600 INFO com.sismics.util.jpa.DbOpenHelper.executeAllScript(DbOpenHelper.java:142) Executing script: dbupdate-007-0.sql 
02 Mar 2026 14:51:38,604 INFO com.sismics.util.jpa.DbOpenHelper.executeAllScript(DbOpenHelper.java:142) Executing script: dbupdate-008-0.sql 
02 Mar 2026 14:51:38,606 INFO com.sismics.util.jpa.DbOpenHelper.executeAllScript(DbOpenHelper.java:142) Executing script: dbupdate-009-0.sql 
02 Mar 2026 14:51:38,611 INFO com.sismics.util.jpa.DbOpenHelper.executeAllScript(DbOpenHelper.java:142) Executing script: dbupdate-010-0.sql 
02 Mar 2026 14:51:38,613 INFO com.sismics.util.jpa.DbOpenHelper.executeAllScript(DbOpenHelper.java:142) Executing script: dbupdate-011-0.sql 
02 Mar 2026 14:51:38,619 INFO com.sismics.util.jpa.DbOpenHelper.executeAllScript(DbOpenHelper.java:142) Executing script: dbupdate-012-0.sql 
02 Mar 2026 14:51:38,622 INFO com.sismics.util.jpa.DbOpenHelper.executeAllScript(DbOpenHelper.java:142) Executing script: dbupdate-013-0.sql 
02 Mar 2026 14:51:38,623 INFO com.sismics.util.jpa.DbOpenHelper.executeAllScript(DbOpenHelper.java:142) Executing script: dbupdate-014-0.sql 
02 Mar 2026 14:51:38,627 INFO com.sismics.util.jpa.DbOpenHelper.executeAllScript(DbOpenHelper.java:142) Executing script: dbupdate-015-0.sql 
02 Mar 2026 14:51:38,634 INFO com.sismics.util.jpa.DbOpenHelper.executeAllScript(DbOpenHelper.java:142) Executing script: dbupdate-016-0.sql 
02 Mar 2026 14:51:38,635 INFO com.sismics.util.jpa.DbOpenHelper.executeAllScript(DbOpenHelper.java:142) Executing script: dbupdate-017-0.sql 
02 Mar 2026 14:51:38,636 INFO com.sismics.util.jpa.DbOpenHelper.executeAllScript(DbOpenHelper.java:142) Executing script: dbupdate-018-0.sql 
02 Mar 2026 14:51:38,650 INFO com.sismics.util.jpa.DbOpenHelper.executeAllScript(DbOpenHelper.java:142) Executing script: dbupdate-019-0.sql 
02 Mar 2026 14:51:38,651 INFO com.sismics.util.jpa.DbOpenHelper.executeAllScript(DbOpenHelper.java:142) Executing script: dbupdate-020-0.sql 
02 Mar 2026 14:51:38,652 INFO com.sismics.util.jpa.DbOpenHelper.executeAllScript(DbOpenHelper.java:142) Executing script: dbupdate-021-0.sql 
02 Mar 2026 14:51:38,657 INFO com.sismics.util.jpa.DbOpenHelper.executeAllScript(DbOpenHelper.java:142) Executing script: dbupdate-022-0.sql 
02 Mar 2026 14:51:38,664 INFO com.sismics.util.jpa.DbOpenHelper.executeAllScript(DbOpenHelper.java:142) Executing script: dbupdate-023-0.sql 
02 Mar 2026 14:51:38,668 INFO com.sismics.util.jpa.DbOpenHelper.executeAllScript(DbOpenHelper.java:142) Executing script: dbupdate-024-0.sql 
02 Mar 2026 14:51:38,672 INFO com.sismics.util.jpa.DbOpenHelper.executeAllScript(DbOpenHelper.java:142) Executing script: dbupdate-025-0.sql 
02 Mar 2026 14:51:38,673 INFO com.sismics.util.jpa.DbOpenHelper.executeAllScript(DbOpenHelper.java:142) Executing script: dbupdate-026-0.sql 
02 Mar 2026 14:51:38,674 INFO com.sismics.util.jpa.DbOpenHelper.executeAllScript(DbOpenHelper.java:142) Executing script: dbupdate-027-0.sql 
02 Mar 2026 14:51:38,674 INFO com.sismics.util.jpa.DbOpenHelper.executeAllScript(DbOpenHelper.java:142) Executing script: dbupdate-028-0.sql 
02 Mar 2026 14:51:38,675 INFO com.sismics.util.jpa.DbOpenHelper.executeAllScript(DbOpenHelper.java:142) Executing script: dbupdate-029-0.sql 
02 Mar 2026 14:51:38,679 INFO com.sismics.util.jpa.DbOpenHelper.executeAllScript(DbOpenHelper.java:142) Executing script: dbupdate-030-0.sql 
02 Mar 2026 14:51:38,680 INFO com.sismics.util.jpa.DbOpenHelper.executeAllScript(DbOpenHelper.java:142) Executing script: dbupdate-031-0.sql 
02 Mar 2026 14:51:38,681 INFO com.sismics.util.jpa.DbOpenHelper.open(DbOpenHelper.java:108) Database upgrade complete 
02 Mar 2026 14:51:38,681 INFO com.sismics.util.jpa.EMF.getEntityManagerProperties(EMF.java:67) Configuring EntityManager from hibernate.properties 
02 Mar 2026 14:51:40,012 INFO com.sismics.util.ClasspathScanner.findClasses(ClasspathScanner.java:48) Found 1 classes for IndexingHandler 
02 Mar 2026 14:51:40,041 INFO com.sismics.docs.core.util.indexing.LuceneIndexingHandler.initLucene(LuceneIndexingHandler.java:129) Using RAM Lucene storage 
02 Mar 2026 14:51:40,087 INFO com.sismics.docs.core.service.FileService.startUp(FileService.java:39) File service starting up 
02 Mar 2026 14:51:40,089 INFO com.sismics.docs.core.service.InboxService.startUp(InboxService.java:52) Inbox service starting up 
02 Mar 2026 14:51:40,090 INFO com.sismics.docs.core.service.FileSizeService.startUp(FileSizeService.java:30) File size service starting up 
02 Mar 2026 14:51:40,292 INFO com.sismics.docs.core.service.FileSizeService.lambda$runOneIteration$0(FileSizeService.java:50) No more file to process, stopping the service 
02 Mar 2026 14:51:40,293 INFO com.sismics.docs.core.service.FileSizeService.shutDown(FileSizeService.java:35) File size service shutting down 
02 Mar 2026 14:51:58,497 INFO com.sismics.docs.core.service.InboxService.shutDown(InboxService.java:57) Inbox service shutting down 
02 Mar 2026 14:51:58,498 INFO com.sismics.docs.core.service.FileService.shutDown(FileService.java:44) File service shutting down 
02 Mar 2026 14:52:43,590 INFO com.sismics.util.jpa.EMF.getEntityManagerProperties(EMF.java:67) Configuring EntityManager from hibernate.properties 
02 Mar 2026 14:52:43,991 INFO com.sismics.util.jpa.DbOpenHelper.open(DbOpenHelper.java:57) Opening database and executing incremental updates 
02 Mar 2026 14:52:43,992 INFO com.sismics.util.jpa.DbOpenHelper.open(DbOpenHelper.java:83) Unable to get database version: Table T_CONFIG not found 
02 Mar 2026 14:52:43,992 INFO com.sismics.util.jpa.DbOpenHelper.open(DbOpenHelper.java:98) Executing initial schema creation script 
02 Mar 2026 14:52:43,996 INFO com.sismics.util.jpa.DbOpenHelper.executeAllScript(DbOpenHelper.java:142) Executing script: dbupdate-000-0.sql 
02 Mar 2026 14:52:44,059 INFO com.sismics.util.jpa.DbOpenHelper.executeAllScript(DbOpenHelper.java:142) Executing script: dbupdate-000-1.sql 
02 Mar 2026 14:52:44,062 INFO com.sismics.util.jpa.DbOpenHelper.open(DbOpenHelper.java:106) Found database version 0, new version is 31, executing database incremental update scripts 
02 Mar 2026 14:52:44,064 INFO com.sismics.util.jpa.DbOpenHelper.executeAllScript(DbOpenHelper.java:142) Executing script: dbupdate-001-0.sql 
02 Mar 2026 14:52:44,099 INFO com.sismics.util.jpa.DbOpenHelper.executeAllScript(DbOpenHelper.java:142) Executing script: dbupdate-002-0.sql 
02 Mar 2026 14:52:44,106 INFO com.sismics.util.jpa.DbOpenHelper.executeAllScript(DbOpenHelper.java:142) Executing script: dbupdate-003-0.sql 
02 Mar 2026 14:52:44,112 INFO com.sismics.util.jpa.DbOpenHelper.executeAllScript(DbOpenHelper.java:142) Executing script: dbupdate-004-0.sql 
02 Mar 2026 14:52:44,125 INFO com.sismics.util.jpa.DbOpenHelper.executeAllScript(DbOpenHelper.java:142) Executing script: dbupdate-005-0.sql 
02 Mar 2026 14:52:44,126 INFO com.sismics.util.jpa.DbOpenHelper.executeAllScript(DbOpenHelper.java:142) Executing script: dbupdate-006-0.sql 
02 Mar 2026 14:52:44,235 INFO com.sismics.util.jpa.DbOpenHelper.executeAllScript(DbOpenHelper.java:142) Executing script: dbupdate-007-0.sql 
02 Mar 2026 14:52:44,238 INFO com.sismics.util.jpa.DbOpenHelper.executeAllScript(DbOpenHelper.java:142) Executing script: dbupdate-008-0.sql 
02 Mar 2026 14:52:44,241 INFO com.sismics.util.jpa.DbOpenHelper.executeAllScript(DbOpenHelper.java:142) Executing script: dbupdate-009-0.sql 
02 Mar 2026 14:52:44,246 INFO com.sismics.util.jpa.DbOpenHelper.executeAllScript(DbOpenHelper.java:142) Executing script: dbupdate-010-0.sql 
02 Mar 2026 14:52:44,249 INFO com.sismics.util.jpa.DbOpenHelper.executeAllScript(DbOpenHelper.java:142) Executing script: dbupdate-011-0.sql 
02 Mar 2026 14:52:44,254 INFO com.sismics.util.jpa.DbOpenHelper.executeAllScript(DbOpenHelper.java:142) Executing script: dbupdate-012-0.sql 
02 Mar 2026 14:52:44,257 INFO com.sismics.util.jpa.DbOpenHelper.executeAllScript(DbOpenHelper.java:142) Executing script: dbupdate-013-0.sql 
02 Mar 2026 14:52:44,259 INFO com.sismics.util.jpa.DbOpenHelper.executeAllScript(DbOpenHelper.java:142) Executing script: dbupdate-014-0.sql 
02 Mar 2026 14:52:44,262 INFO com.sismics.util.jpa.DbOpenHelper.executeAllScript(DbOpenHelper.java:142) Executing script: dbupdate-015-0.sql 
02 Mar 2026 14:52:44,271 INFO com.sismics.util.jpa.DbOpenHelper.executeAllScript(DbOpenHelper.java:142) Executing script: dbupdate-016-0.sql 
02 Mar 2026 14:52:44,272 INFO com.sismics.util.jpa.DbOpenHelper.executeAllScript(DbOpenHelper.java:142) Executing script: dbupdate-017-0.sql 
02 Mar 2026 14:52:44,273 INFO com.sismics.util.jpa.DbOpenHelper.executeAllScript(DbOpenHelper.java:142) Executing script: dbupdate-018-0.sql 
02 Mar 2026 14:52:44,286 INFO com.sismics.util.jpa.DbOpenHelper.executeAllScript(DbOpenHelper.java:142) Executing script: dbupdate-019-0.sql 
02 Mar 2026 14:52:44,287 INFO com.sismics.util.jpa.DbOpenHelper.executeAllScript(DbOpenHelper.java:142) Executing script: dbupdate-020-0.sql 
02 Mar 2026 14:52:44,289 INFO com.sismics.util.jpa.DbOpenHelper.executeAllScript(DbOpenHelper.java:142) Executing script: dbupdate-021-0.sql 
02 Mar 2026 14:52:44,293 INFO com.sismics.util.jpa.DbOpenHelper.executeAllScript(DbOpenHelper.java:142) Executing script: dbupdate-022-0.sql 
02 Mar 2026 14:52:44,300 INFO com.sismics.util.jpa.DbOpenHelper.executeAllScript(DbOpenHelper.java:142) Executing script: dbupdate-023-0.sql 
02 Mar 2026 14:52:44,303 INFO com.sismics.util.jpa.DbOpenHelper.executeAllScript(DbOpenHelper.java:142) Executing script: dbupdate-024-0.sql 
02 Mar 2026 14:52:44,306 INFO com.sismics.util.jpa.DbOpenHelper.executeAllScript(DbOpenHelper.java:142) Executing script: dbupdate-025-0.sql 
02 Mar 2026 14:52:44,307 INFO com.sismics.util.jpa.DbOpenHelper.executeAllScript(DbOpenHelper.java:142) Executing script: dbupdate-026-0.sql 
02 Mar 2026 14:52:44,308 INFO com.sismics.util.jpa.DbOpenHelper.executeAllScript(DbOpenHelper.java:142) Executing script: dbupdate-027-0.sql 
02 Mar 2026 14:52:44,308 INFO com.sismics.util.jpa.DbOpenHelper.executeAllScript(DbOpenHelper.java:142) Executing script: dbupdate-028-0.sql 
02 Mar 2026 14:52:44,309 INFO com.sismics.util.jpa.DbOpenHelper.executeAllScript(DbOpenHelper.java:142) Executing script: dbupdate-029-0.sql 
02 Mar 2026 14:52:44,313 INFO com.sismics.util.jpa.DbOpenHelper.executeAllScript(DbOpenHelper.java:142) Executing script: dbupdate-030-0.sql 
02 Mar 2026 14:52:44,314 INFO com.sismics.util.jpa.DbOpenHelper.executeAllScript(DbOpenHelper.java:142) Executing script: dbupdate-031-0.sql 
02 Mar 2026 14:52:44,314 INFO com.sismics.util.jpa.DbOpenHelper.open(DbOpenHelper.java:108) Database upgrade complete 
02 Mar 2026 14:52:44,314 INFO com.sismics.util.jpa.EMF.getEntityManagerProperties(EMF.java:67) Configuring EntityManager from hibernate.properties 
02 Mar 2026 14:52:45,668 INFO com.sismics.util.ClasspathScanner.findClasses(ClasspathScanner.java:48) Found 1 classes for IndexingHandler 
02 Mar 2026 14:52:45,696 INFO com.sismics.docs.core.util.indexing.LuceneIndexingHandler.initLucene(LuceneIndexingHandler.java:129) Using RAM Lucene storage 
02 Mar 2026 14:52:45,745 INFO com.sismics.docs.core.service.FileService.startUp(FileService.java:39) File service starting up 
02 Mar 2026 14:52:45,748 INFO com.sismics.docs.core.service.InboxService.startUp(InboxService.java:52) Inbox service starting up 
02 Mar 2026 14:52:45,749 INFO com.sismics.docs.core.service.FileSizeService.startUp(FileSizeService.java:30) File size service starting up 
02 Mar 2026 14:52:45,956 INFO com.sismics.docs.core.service.FileSizeService.lambda$runOneIteration$0(FileSizeService.java:50) No more file to process, stopping the service 
02 Mar 2026 14:52:45,957 INFO com.sismics.docs.core.service.FileSizeService.shutDown(FileSizeService.java:35) File size service shutting down 
02 Mar 2026 14:53:05,433 INFO com.sismics.docs.core.service.InboxService.shutDown(InboxService.java:57) Inbox service shutting down 
02 Mar 2026 14:53:05,433 INFO com.sismics.docs.core.service.FileService.shutDown(FileService.java:44) File service shutting down 
02 Mar 2026 14:57:16,152 INFO com.sismics.util.jpa.EMF.getEntityManagerProperties(EMF.java:67) Configuring EntityManager from hibernate.properties 
02 Mar 2026 14:57:16,530 INFO com.sismics.util.jpa.DbOpenHelper.open(DbOpenHelper.java:57) Opening database and executing incremental updates 
02 Mar 2026 14:57:16,531 INFO com.sismics.util.jpa.DbOpenHelper.open(DbOpenHelper.java:83) Unable to get database version: Table T_CONFIG not found 
02 Mar 2026 14:57:16,531 INFO com.sismics.util.jpa.DbOpenHelper.open(DbOpenHelper.java:98) Executing initial schema creation script 
02 Mar 2026 14:57:16,534 INFO com.sismics.util.jpa.DbOpenHelper.executeAllScript(DbOpenHelper.java:142) Executing script: dbupdate-000-0.sql 
02 Mar 2026 14:57:16,596 INFO com.sismics.util.jpa.DbOpenHelper.executeAllScript(DbOpenHelper.java:142) Executing script: dbupdate-000-1.sql 
02 Mar 2026 14:57:16,600 INFO com.sismics.util.jpa.DbOpenHelper.open(DbOpenHelper.java:106) Found database version 0, new version is 31, executing database incremental update scripts 
02 Mar 2026 14:57:16,602 INFO com.sismics.util.jpa.DbOpenHelper.executeAllScript(DbOpenHelper.java:142) Executing script: dbupdate-001-0.sql 
02 Mar 2026 14:57:16,636 INFO com.sismics.util.jpa.DbOpenHelper.executeAllScript(DbOpenHelper.java:142) Executing script: dbupdate-002-0.sql 
02 Mar 2026 14:57:16,643 INFO com.sismics.util.jpa.DbOpenHelper.executeAllScript(DbOpenHelper.java:142) Executing script: dbupdate-003-0.sql 
02 Mar 2026 14:57:16,649 INFO com.sismics.util.jpa.DbOpenHelper.executeAllScript(DbOpenHelper.java:142) Executing script: dbupdate-004-0.sql 
02 Mar 2026 14:57:16,665 INFO com.sismics.util.jpa.DbOpenHelper.executeAllScript(DbOpenHelper.java:142) Executing script: dbupdate-005-0.sql 
02 Mar 2026 14:57:16,666 INFO com.sismics.util.jpa.DbOpenHelper.executeAllScript(DbOpenHelper.java:142) Executing script: dbupdate-006-0.sql 
02 Mar 2026 14:57:16,782 INFO com.sismics.util.jpa.DbOpenHelper.executeAllScript(DbOpenHelper.java:142) Executing script: dbupdate-007-0.sql 
02 Mar 2026 14:57:16,786 INFO com.sismics.util.jpa.DbOpenHelper.executeAllScript(DbOpenHelper.java:142) Executing script: dbupdate-008-0.sql 
02 Mar 2026 14:57:16,789 INFO com.sismics.util.jpa.DbOpenHelper.executeAllScript(DbOpenHelper.java:142) Executing script: dbupdate-009-0.sql 
02 Mar 2026 14:57:16,794 INFO com.sismics.util.jpa.DbOpenHelper.executeAllScript(DbOpenHelper.java:142) Executing script: dbupdate-010-0.sql 
02 Mar 2026 14:57:16,797 INFO com.sismics.util.jpa.DbOpenHelper.executeAllScript(DbOpenHelper.java:142) Executing script: dbupdate-011-0.sql 
02 Mar 2026 14:57:16,801 INFO com.sismics.util.jpa.DbOpenHelper.executeAllScript(DbOpenHelper.java:142) Executing script: dbupdate-012-0.sql 
02 Mar 2026 14:57:16,805 INFO com.sismics.util.jpa.DbOpenHelper.executeAllScript(DbOpenHelper.java:142) Executing script: dbupdate-013-0.sql 
02 Mar 2026 14:57:16,806 INFO com.sismics.util.jpa.DbOpenHelper.executeAllScript(DbOpenHelper.java:142) Executing script: dbupdate-014-0.sql 
02 Mar 2026 14:57:16,810 INFO com.sismics.util.jpa.DbOpenHelper.executeAllScript(DbOpenHelper.java:142) Executing script: dbupdate-015-0.sql 
02 Mar 2026 14:57:16,818 INFO com.sismics.util.jpa.DbOpenHelper.executeAllScript(DbOpenHelper.java:142) Executing script: dbupdate-016-0.sql 
02 Mar 2026 14:57:16,819 INFO com.sismics.util.jpa.DbOpenHelper.executeAllScript(DbOpenHelper.java:142) Executing script: dbupdate-017-0.sql 
02 Mar 2026 14:57:16,820 INFO com.sismics.util.jpa.DbOpenHelper.executeAllScript(DbOpenHelper.java:142) Executing script: dbupdate-018-0.sql 
02 Mar 2026 14:57:16,835 INFO com.sismics.util.jpa.DbOpenHelper.executeAllScript(DbOpenHelper.java:142) Executing script: dbupdate-019-0.sql 
02 Mar 2026 14:57:16,836 INFO com.sismics.util.jpa.DbOpenHelper.executeAllScript(DbOpenHelper.java:142) Executing script: dbupdate-020-0.sql 
02 Mar 2026 14:57:16,837 INFO com.sismics.util.jpa.DbOpenHelper.executeAllScript(DbOpenHelper.java:142) Executing script: dbupdate-021-0.sql 
02 Mar 2026 14:57:16,843 INFO com.sismics.util.jpa.DbOpenHelper.executeAllScript(DbOpenHelper.java:142) Executing script: dbupdate-022-0.sql 
02 Mar 2026 14:57:16,851 INFO com.sismics.util.jpa.DbOpenHelper.executeAllScript(DbOpenHelper.java:142) Executing script: dbupdate-023-0.sql 
02 Mar 2026 14:57:16,855 INFO com.sismics.util.jpa.DbOpenHelper.executeAllScript(DbOpenHelper.java:142) Executing script: dbupdate-024-0.sql 
02 Mar 2026 14:57:16,860 INFO com.sismics.util.jpa.DbOpenHelper.executeAllScript(DbOpenHelper.java:142) Executing script: dbupdate-025-0.sql 
02 Mar 2026 14:57:16,861 INFO com.sismics.util.jpa.DbOpenHelper.executeAllScript(DbOpenHelper.java:142) Executing script: dbupdate-026-0.sql 
02 Mar 2026 14:57:16,861 INFO com.sismics.util.jpa.DbOpenHelper.executeAllScript(DbOpenHelper.java:142) Executing script: dbupdate-027-0.sql 
02 Mar 2026 14:57:16,863 INFO com.sismics.util.jpa.DbOpenHelper.executeAllScript(DbOpenHelper.java:142) Executing script: dbupdate-028-0.sql 
02 Mar 2026 14:57:16,864 INFO com.sismics.util.jpa.DbOpenHelper.executeAllScript(DbOpenHelper.java:142) Executing script: dbupdate-029-0.sql 
02 Mar 2026 14:57:16,867 INFO com.sismics.util.jpa.DbOpenHelper.executeAllScript(DbOpenHelper.java:142) Executing script: dbupdate-030-0.sql 
02 Mar 2026 14:57:16,868 INFO com.sismics.util.jpa.DbOpenHelper.executeAllScript(DbOpenHelper.java:142) Executing script: dbupdate-031-0.sql 
02 Mar 2026 14:57:16,869 INFO com.sismics.util.jpa.DbOpenHelper.open(DbOpenHelper.java:108) Database upgrade complete 
02 Mar 2026 14:57:16,870 INFO com.sismics.util.jpa.EMF.getEntityManagerProperties(EMF.java:67) Configuring EntityManager from hibernate.properties 
02 Mar 2026 14:57:19,462 INFO com.sismics.util.ClasspathScanner.findClasses(ClasspathScanner.java:48) Found 1 classes for IndexingHandler 
02 Mar 2026 14:57:19,494 INFO com.sismics.docs.core.util.indexing.LuceneIndexingHandler.initLucene(LuceneIndexingHandler.java:129) Using RAM Lucene storage 
02 Mar 2026 14:57:19,546 INFO com.sismics.docs.core.service.FileService.startUp(FileService.java:39) File service starting up 
02 Mar 2026 14:57:19,548 INFO com.sismics.docs.core.service.InboxService.startUp(InboxService.java:52) Inbox service starting up 
02 Mar 2026 14:57:19,549 INFO com.sismics.docs.core.service.FileSizeService.startUp(FileSizeService.java:30) File size service starting up 
02 Mar 2026 14:57:19,769 INFO com.sismics.docs.core.service.FileSizeService.lambda$runOneIteration$0(FileSizeService.java:50) No more file to process, stopping the service 
02 Mar 2026 14:57:19,770 INFO com.sismics.docs.core.service.FileSizeService.shutDown(FileSizeService.java:35) File size service shutting down 
02 Mar 2026 14:57:36,026 INFO com.sismics.util.ClasspathScanner.findClasses(ClasspathScanner.java:48) Found 2 classes for AuthenticationHandler 
02 Mar 2026 14:57:57,538 INFO com.sismics.docs.core.service.InboxService.shutDown(InboxService.java:57) Inbox service shutting down 
02 Mar 2026 14:57:57,539 INFO com.sismics.docs.core.service.FileService.shutDown(FileService.java:44) File service shutting down 
02 Mar 2026 15:03:40,416 INFO com.sismics.util.jpa.EMF.getEntityManagerProperties(EMF.java:67) Configuring EntityManager from hibernate.properties 
02 Mar 2026 15:03:40,905 INFO com.sismics.util.jpa.DbOpenHelper.open(DbOpenHelper.java:57) Opening database and executing incremental updates 
02 Mar 2026 15:03:40,906 INFO com.sismics.util.jpa.DbOpenHelper.open(DbOpenHelper.java:83) Unable to get database version: Table T_CONFIG not found 
02 Mar 2026 15:03:40,907 INFO com.sismics.util.jpa.DbOpenHelper.open(DbOpenHelper.java:98) Executing initial schema creation script 
02 Mar 2026 15:03:40,911 INFO com.sismics.util.jpa.DbOpenHelper.executeAllScript(DbOpenHelper.java:142) Executing script: dbupdate-000-0.sql 
02 Mar 2026 15:03:40,965 INFO com.sismics.util.jpa.DbOpenHelper.executeAllScript(DbOpenHelper.java:142) Executing script: dbupdate-000-1.sql 
02 Mar 2026 15:03:40,968 INFO com.sismics.util.jpa.DbOpenHelper.open(DbOpenHelper.java:106) Found database version 0, new version is 31, executing database incremental update scripts 
02 Mar 2026 15:03:40,970 INFO com.sismics.util.jpa.DbOpenHelper.executeAllScript(DbOpenHelper.java:142) Executing script: dbupdate-001-0.sql 
02 Mar 2026 15:03:40,995 INFO com.sismics.util.jpa.DbOpenHelper.executeAllScript(DbOpenHelper.java:142) Executing script: dbupdate-002-0.sql 
02 Mar 2026 15:03:41,001 INFO com.sismics.util.jpa.DbOpenHelper.executeAllScript(DbOpenHelper.java:142) Executing script: dbupdate-003-0.sql 
02 Mar 2026 15:03:41,007 INFO com.sismics.util.jpa.DbOpenHelper.executeAllScript(DbOpenHelper.java:142) Executing script: dbupdate-004-0.sql 
02 Mar 2026 15:03:41,019 INFO com.sismics.util.jpa.DbOpenHelper.executeAllScript(DbOpenHelper.java:142) Executing script: dbupdate-005-0.sql 
02 Mar 2026 15:03:41,021 INFO com.sismics.util.jpa.DbOpenHelper.executeAllScript(DbOpenHelper.java:142) Executing script: dbupdate-006-0.sql 
02 Mar 2026 15:03:41,111 INFO com.sismics.util.jpa.DbOpenHelper.executeAllScript(DbOpenHelper.java:142) Executing script: dbupdate-007-0.sql 
02 Mar 2026 15:03:41,114 INFO com.sismics.util.jpa.DbOpenHelper.executeAllScript(DbOpenHelper.java:142) Executing script: dbupdate-008-0.sql 
02 Mar 2026 15:03:41,115 INFO com.sismics.util.jpa.DbOpenHelper.executeAllScript(DbOpenHelper.java:142) Executing script: dbupdate-009-0.sql 
02 Mar 2026 15:03:41,119 INFO com.sismics.util.jpa.DbOpenHelper.executeAllScript(DbOpenHelper.java:142) Executing script: dbupdate-010-0.sql 
02 Mar 2026 15:03:41,120 INFO com.sismics.util.jpa.DbOpenHelper.executeAllScript(DbOpenHelper.java:142) Executing script: dbupdate-011-0.sql 
02 Mar 2026 15:03:41,123 INFO com.sismics.util.jpa.DbOpenHelper.executeAllScript(DbOpenHelper.java:142) Executing script: dbupdate-012-0.sql 
02 Mar 2026 15:03:41,126 INFO com.sismics.util.jpa.DbOpenHelper.executeAllScript(DbOpenHelper.java:142) Executing script: dbupdate-013-0.sql 
02 Mar 2026 15:03:41,127 INFO com.sismics.util.jpa.DbOpenHelper.executeAllScript(DbOpenHelper.java:142) Executing script: dbupdate-014-0.sql 
02 Mar 2026 15:03:41,130 INFO com.sismics.util.jpa.DbOpenHelper.executeAllScript(DbOpenHelper.java:142) Executing script: dbupdate-015-0.sql 
02 Mar 2026 15:03:41,137 INFO com.sismics.util.jpa.DbOpenHelper.executeAllScript(DbOpenHelper.java:142) Executing script: dbupdate-016-0.sql 
02 Mar 2026 15:03:41,137 INFO com.sismics.util.jpa.DbOpenHelper.executeAllScript(DbOpenHelper.java:142) Executing script: dbupdate-017-0.sql 
02 Mar 2026 15:03:41,138 INFO com.sismics.util.jpa.DbOpenHelper.executeAllScript(DbOpenHelper.java:142) Executing script: dbupdate-018-0.sql 
02 Mar 2026 15:03:41,149 INFO com.sismics.util.jpa.DbOpenHelper.executeAllScript(DbOpenHelper.java:142) Executing script: dbupdate-019-0.sql 
02 Mar 2026 15:03:41,151 INFO com.sismics.util.jpa.DbOpenHelper.executeAllScript(DbOpenHelper.java:142) Executing script: dbupdate-020-0.sql 
02 Mar 2026 15:03:41,152 INFO com.sismics.util.jpa.DbOpenHelper.executeAllScript(DbOpenHelper.java:142) Executing script: dbupdate-021-0.sql 
02 Mar 2026 15:03:41,157 INFO com.sismics.util.jpa.DbOpenHelper.executeAllScript(DbOpenHelper.java:142) Executing script: dbupdate-022-0.sql 
02 Mar 2026 15:03:41,162 INFO com.sismics.util.jpa.DbOpenHelper.executeAllScript(DbOpenHelper.java:142) Executing script: dbupdate-023-0.sql 
02 Mar 2026 15:03:41,165 INFO com.sismics.util.jpa.DbOpenHelper.executeAllScript(DbOpenHelper.java:142) Executing script: dbupdate-024-0.sql 
02 Mar 2026 15:03:41,168 INFO com.sismics.util.jpa.DbOpenHelper.executeAllScript(DbOpenHelper.java:142) Executing script: dbupdate-025-0.sql 
02 Mar 2026 15:03:41,169 INFO com.sismics.util.jpa.DbOpenHelper.executeAllScript(DbOpenHelper.java:142) Executing script: dbupdate-026-0.sql 
02 Mar 2026 15:03:41,170 INFO com.sismics.util.jpa.DbOpenHelper.executeAllScript(DbOpenHelper.java:142) Executing script: dbupdate-027-0.sql 
02 Mar 2026 15:03:41,171 INFO com.sismics.util.jpa.DbOpenHelper.executeAllScript(DbOpenHelper.java:142) Executing script: dbupdate-028-0.sql 
02 Mar 2026 15:03:41,172 INFO com.sismics.util.jpa.DbOpenHelper.executeAllScript(DbOpenHelper.java:142) Executing script: dbupdate-029-0.sql 
02 Mar 2026 15:03:41,174 INFO com.sismics.util.jpa.DbOpenHelper.executeAllScript(DbOpenHelper.java:142) Executing script: dbupdate-030-0.sql 
02 Mar 2026 15:03:41,175 INFO com.sismics.util.jpa.DbOpenHelper.executeAllScript(DbOpenHelper.java:142) Executing script: dbupdate-031-0.sql 
02 Mar 2026 15:03:41,176 INFO com.sismics.util.jpa.DbOpenHelper.open(DbOpenHelper.java:108) Database upgrade complete 
02 Mar 2026 15:03:41,176 INFO com.sismics.util.jpa.EMF.getEntityManagerProperties(EMF.java:67) Configuring EntityManager from hibernate.properties 
02 Mar 2026 15:03:42,686 INFO com.sismics.util.ClasspathScanner.findClasses(ClasspathScanner.java:48) Found 1 classes for IndexingHandler 
02 Mar 2026 15:03:42,720 INFO com.sismics.docs.core.util.indexing.LuceneIndexingHandler.initLucene(LuceneIndexingHandler.java:129) Using RAM Lucene storage 
02 Mar 2026 15:03:42,783 INFO com.sismics.docs.core.service.FileService.startUp(FileService.java:39) File service starting up 
02 Mar 2026 15:03:42,786 INFO com.sismics.docs.core.service.InboxService.startUp(InboxService.java:52) Inbox service starting up 
02 Mar 2026 15:03:42,786 INFO com.sismics.docs.core.service.FileSizeService.startUp(FileSizeService.java:30) File size service starting up 
02 Mar 2026 15:03:42,986 INFO com.sismics.docs.core.service.FileSizeService.lambda$runOneIteration$0(FileSizeService.java:50) No more file to process, stopping the service 
02 Mar 2026 15:03:42,987 INFO com.sismics.docs.core.service.FileSizeService.shutDown(FileSizeService.java:35) File size service shutting down 
02 Mar 2026 15:04:44,254 INFO com.sismics.docs.core.service.InboxService.shutDown(InboxService.java:57) Inbox service shutting down 
02 Mar 2026 15:04:44,255 INFO com.sismics.docs.core.service.FileService.shutDown(FileService.java:44) File service shutting down 
02 Mar 2026 15:09:25,693 INFO com.sismics.util.jpa.EMF.getEntityManagerProperties(EMF.java:67) Configuring EntityManager from hibernate.properties 
02 Mar 2026 15:09:26,168 INFO com.sismics.util.jpa.DbOpenHelper.open(DbOpenHelper.java:57) Opening database and executing incremental updates 
02 Mar 2026 15:09:26,169 INFO com.sismics.util.jpa.DbOpenHelper.open(DbOpenHelper.java:83) Unable to get database version: Table T_CONFIG not found 
02 Mar 2026 15:09:26,170 INFO com.sismics.util.jpa.DbOpenHelper.open(DbOpenHelper.java:98) Executing initial schema creation script 
02 Mar 2026 15:09:26,174 INFO com.sismics.util.jpa.DbOpenHelper.executeAllScript(DbOpenHelper.java:142) Executing script: dbupdate-000-0.sql 
02 Mar 2026 15:09:26,233 INFO com.sismics.util.jpa.DbOpenHelper.executeAllScript(DbOpenHelper.java:142) Executing script: dbupdate-000-1.sql 
02 Mar 2026 15:09:26,238 INFO com.sismics.util.jpa.DbOpenHelper.open(DbOpenHelper.java:106) Found database version 0, new version is 31, executing database incremental update scripts 
02 Mar 2026 15:09:26,240 INFO com.sismics.util.jpa.DbOpenHelper.executeAllScript(DbOpenHelper.java:142) Executing script: dbupdate-001-0.sql 
02 Mar 2026 15:09:26,269 INFO com.sismics.util.jpa.DbOpenHelper.executeAllScript(DbOpenHelper.java:142) Executing script: dbupdate-002-0.sql 
02 Mar 2026 15:09:26,275 INFO com.sismics.util.jpa.DbOpenHelper.executeAllScript(DbOpenHelper.java:142) Executing script: dbupdate-003-0.sql 
02 Mar 2026 15:09:26,280 INFO com.sismics.util.jpa.DbOpenHelper.executeAllScript(DbOpenHelper.java:142) Executing script: dbupdate-004-0.sql 
02 Mar 2026 15:09:26,292 INFO com.sismics.util.jpa.DbOpenHelper.executeAllScript(DbOpenHelper.java:142) Executing script: dbupdate-005-0.sql 
02 Mar 2026 15:09:26,294 INFO com.sismics.util.jpa.DbOpenHelper.executeAllScript(DbOpenHelper.java:142) Executing script: dbupdate-006-0.sql 
02 Mar 2026 15:09:26,390 INFO com.sismics.util.jpa.DbOpenHelper.executeAllScript(DbOpenHelper.java:142) Executing script: dbupdate-007-0.sql 
02 Mar 2026 15:09:26,393 INFO com.sismics.util.jpa.DbOpenHelper.executeAllScript(DbOpenHelper.java:142) Executing script: dbupdate-008-0.sql 
02 Mar 2026 15:09:26,395 INFO com.sismics.util.jpa.DbOpenHelper.executeAllScript(DbOpenHelper.java:142) Executing script: dbupdate-009-0.sql 
02 Mar 2026 15:09:26,399 INFO com.sismics.util.jpa.DbOpenHelper.executeAllScript(DbOpenHelper.java:142) Executing script: dbupdate-010-0.sql 
02 Mar 2026 15:09:26,400 INFO com.sismics.util.jpa.DbOpenHelper.executeAllScript(DbOpenHelper.java:142) Executing script: dbupdate-011-0.sql 
02 Mar 2026 15:09:26,404 INFO com.sismics.util.jpa.DbOpenHelper.executeAllScript(DbOpenHelper.java:142) Executing script: dbupdate-012-0.sql 
02 Mar 2026 15:09:26,408 INFO com.sismics.util.jpa.DbOpenHelper.executeAllScript(DbOpenHelper.java:142) Executing script: dbupdate-013-0.sql 
02 Mar 2026 15:09:26,409 INFO com.sismics.util.jpa.DbOpenHelper.executeAllScript(DbOpenHelper.java:142) Executing script: dbupdate-014-0.sql 
02 Mar 2026 15:09:26,412 INFO com.sismics.util.jpa.DbOpenHelper.executeAllScript(DbOpenHelper.java:142) Executing script: dbupdate-015-0.sql 
02 Mar 2026 15:09:26,420 INFO com.sismics.util.jpa.DbOpenHelper.executeAllScript(DbOpenHelper.java:142) Executing script: dbupdate-016-0.sql 
02 Mar 2026 15:09:26,421 INFO com.sismics.util.jpa.DbOpenHelper.executeAllScript(DbOpenHelper.java:142) Executing script: dbupdate-017-0.sql 
02 Mar 2026 15:09:26,423 INFO com.sismics.util.jpa.DbOpenHelper.executeAllScript(DbOpenHelper.java:142) Executing script: dbupdate-018-0.sql 
02 Mar 2026 15:09:26,436 INFO com.sismics.util.jpa.DbOpenHelper.executeAllScript(DbOpenHelper.java:142) Executing script: dbupdate-019-0.sql 
02 Mar 2026 15:09:26,438 INFO com.sismics.util.jpa.DbOpenHelper.executeAllScript(DbOpenHelper.java:142) Executing script: dbupdate-020-0.sql 
02 Mar 2026 15:09:26,439 INFO com.sismics.util.jpa.DbOpenHelper.executeAllScript(DbOpenHelper.java:142) Executing script: dbupdate-021-0.sql 
02 Mar 2026 15:09:26,444 INFO com.sismics.util.jpa.DbOpenHelper.executeAllScript(DbOpenHelper.java:142) Executing script: dbupdate-022-0.sql 
02 Mar 2026 15:09:26,454 INFO com.sismics.util.jpa.DbOpenHelper.executeAllScript(DbOpenHelper.java:142) Executing script: dbupdate-023-0.sql 
02 Mar 2026 15:09:26,457 INFO com.sismics.util.jpa.DbOpenHelper.executeAllScript(DbOpenHelper.java:142) Executing script: dbupdate-024-0.sql 
02 Mar 2026 15:09:26,461 INFO com.sismics.util.jpa.DbOpenHelper.executeAllScript(DbOpenHelper.java:142) Executing script: dbupdate-025-0.sql 
02 Mar 2026 15:09:26,461 INFO com.sismics.util.jpa.DbOpenHelper.executeAllScript(DbOpenHelper.java:142) Executing script: dbupdate-026-0.sql 
02 Mar 2026 15:09:26,462 INFO com.sismics.util.jpa.DbOpenHelper.executeAllScript(DbOpenHelper.java:142) Executing script: dbupdate-027-0.sql 
02 Mar 2026 15:09:26,463 INFO com.sismics.util.jpa.DbOpenHelper.executeAllScript(DbOpenHelper.java:142) Executing script: dbupdate-028-0.sql 
02 Mar 2026 15:09:26,464 INFO com.sismics.util.jpa.DbOpenHelper.executeAllScript(DbOpenHelper.java:142) Executing script: dbupdate-029-0.sql 
02 Mar 2026 15:09:26,467 INFO com.sismics.util.jpa.DbOpenHelper.executeAllScript(DbOpenHelper.java:142) Executing script: dbupdate-030-0.sql 
02 Mar 2026 15:09:26,468 INFO com.sismics.util.jpa.DbOpenHelper.executeAllScript(DbOpenHelper.java:142) Executing script: dbupdate-031-0.sql 
02 Mar 2026 15:09:26,469 INFO com.sismics.util.jpa.DbOpenHelper.open(DbOpenHelper.java:108) Database upgrade complete 
02 Mar 2026 15:09:26,469 INFO com.sismics.util.jpa.EMF.getEntityManagerProperties(EMF.java:67) Configuring EntityManager from hibernate.properties 
02 Mar 2026 15:09:28,099 INFO com.sismics.util.ClasspathScanner.findClasses(ClasspathScanner.java:48) Found 1 classes for IndexingHandler 
02 Mar 2026 15:09:28,135 INFO com.sismics.docs.core.util.indexing.LuceneIndexingHandler.initLucene(LuceneIndexingHandler.java:129) Using RAM Lucene storage 
02 Mar 2026 15:09:28,203 INFO com.sismics.docs.core.service.FileService.startUp(FileService.java:39) File service starting up 
02 Mar 2026 15:09:28,206 INFO com.sismics.docs.core.service.InboxService.startUp(InboxService.java:52) Inbox service starting up 
02 Mar 2026 15:09:28,207 INFO com.sismics.docs.core.service.FileSizeService.startUp(FileSizeService.java:30) File size service starting up 
02 Mar 2026 15:09:28,416 INFO com.sismics.docs.core.service.FileSizeService.lambda$runOneIteration$0(FileSizeService.java:50) No more file to process, stopping the service 
02 Mar 2026 15:09:28,417 INFO com.sismics.docs.core.service.FileSizeService.shutDown(FileSizeService.java:35) File size service shutting down 
02 Mar 2026 15:12:06,294 INFO com.sismics.docs.core.service.InboxService.shutDown(InboxService.java:57) Inbox service shutting down 
02 Mar 2026 15:12:06,294 INFO com.sismics.docs.core.service.FileService.shutDown(FileService.java:44) File service shutting down 
02 Mar 2026 15:12:12,845 INFO com.sismics.util.jpa.EMF.getEntityManagerProperties(EMF.java:67) Configuring EntityManager from hibernate.properties 
02 Mar 2026 15:12:13,338 INFO com.sismics.util.jpa.DbOpenHelper.open(DbOpenHelper.java:57) Opening database and executing incremental updates 
02 Mar 2026 15:12:13,339 INFO com.sismics.util.jpa.DbOpenHelper.open(DbOpenHelper.java:83) Unable to get database version: Table T_CONFIG not found 
02 Mar 2026 15:12:13,340 INFO com.sismics.util.jpa.DbOpenHelper.open(DbOpenHelper.java:98) Executing initial schema creation script 
02 Mar 2026 15:12:13,344 INFO com.sismics.util.jpa.DbOpenHelper.executeAllScript(DbOpenHelper.java:142) Executing script: dbupdate-000-0.sql 
02 Mar 2026 15:12:13,403 INFO com.sismics.util.jpa.DbOpenHelper.executeAllScript(DbOpenHelper.java:142) Executing script: dbupdate-000-1.sql 
02 Mar 2026 15:12:13,408 INFO com.sismics.util.jpa.DbOpenHelper.open(DbOpenHelper.java:106) Found database version 0, new version is 31, executing database incremental update scripts 
02 Mar 2026 15:12:13,410 INFO com.sismics.util.jpa.DbOpenHelper.executeAllScript(DbOpenHelper.java:142) Executing script: dbupdate-001-0.sql 
02 Mar 2026 15:12:13,438 INFO com.sismics.util.jpa.DbOpenHelper.executeAllScript(DbOpenHelper.java:142) Executing script: dbupdate-002-0.sql 
02 Mar 2026 15:12:13,445 INFO com.sismics.util.jpa.DbOpenHelper.executeAllScript(DbOpenHelper.java:142) Executing script: dbupdate-003-0.sql 
02 Mar 2026 15:12:13,450 INFO com.sismics.util.jpa.DbOpenHelper.executeAllScript(DbOpenHelper.java:142) Executing script: dbupdate-004-0.sql 
02 Mar 2026 15:12:13,461 INFO com.sismics.util.jpa.DbOpenHelper.executeAllScript(DbOpenHelper.java:142) Executing script: dbupdate-005-0.sql 
02 Mar 2026 15:12:13,463 INFO com.sismics.util.jpa.DbOpenHelper.executeAllScript(DbOpenHelper.java:142) Executing script: dbupdate-006-0.sql 
02 Mar 2026 15:12:13,554 INFO com.sismics.util.jpa.DbOpenHelper.executeAllScript(DbOpenHelper.java:142) Executing script: dbupdate-007-0.sql 
02 Mar 2026 15:12:13,557 INFO com.sismics.util.jpa.DbOpenHelper.executeAllScript(DbOpenHelper.java:142) Executing script: dbupdate-008-0.sql 
02 Mar 2026 15:12:13,559 INFO com.sismics.util.jpa.DbOpenHelper.executeAllScript(DbOpenHelper.java:142) Executing script: dbupdate-009-0.sql 
02 Mar 2026 15:12:13,563 INFO com.sismics.util.jpa.DbOpenHelper.executeAllScript(DbOpenHelper.java:142) Executing script: dbupdate-010-0.sql 
02 Mar 2026 15:12:13,565 INFO com.sismics.util.jpa.DbOpenHelper.executeAllScript(DbOpenHelper.java:142) Executing script: dbupdate-011-0.sql 
02 Mar 2026 15:12:13,570 INFO com.sismics.util.jpa.DbOpenHelper.executeAllScript(DbOpenHelper.java:142) Executing script: dbupdate-012-0.sql 
02 Mar 2026 15:12:13,573 INFO com.sismics.util.jpa.DbOpenHelper.executeAllScript(DbOpenHelper.java:142) Executing script: dbupdate-013-0.sql 
02 Mar 2026 15:12:13,575 INFO com.sismics.util.jpa.DbOpenHelper.executeAllScript(DbOpenHelper.java:142) Executing script: dbupdate-014-0.sql 
02 Mar 2026 15:12:13,578 INFO com.sismics.util.jpa.DbOpenHelper.executeAllScript(DbOpenHelper.java:142) Executing script: dbupdate-015-0.sql 
02 Mar 2026 15:12:13,585 INFO com.sismics.util.jpa.DbOpenHelper.executeAllScript(DbOpenHelper.java:142) Executing script: dbupdate-016-0.sql 
02 Mar 2026 15:12:13,586 INFO com.sismics.util.jpa.DbOpenHelper.executeAllScript(DbOpenHelper.java:142) Executing script: dbupdate-017-0.sql 
02 Mar 2026 15:12:13,588 INFO com.sismics.util.jpa.DbOpenHelper.executeAllScript(DbOpenHelper.java:142) Executing script: dbupdate-018-0.sql 
02 Mar 2026 15:12:13,600 INFO com.sismics.util.jpa.DbOpenHelper.executeAllScript(DbOpenHelper.java:142) Executing script: dbupdate-019-0.sql 
02 Mar 2026 15:12:13,601 INFO com.sismics.util.jpa.DbOpenHelper.executeAllScript(DbOpenHelper.java:142) Executing script: dbupdate-020-0.sql 
02 Mar 2026 15:12:13,602 INFO com.sismics.util.jpa.DbOpenHelper.executeAllScript(DbOpenHelper.java:142) Executing script: dbupdate-021-0.sql 
02 Mar 2026 15:12:13,606 INFO com.sismics.util.jpa.DbOpenHelper.executeAllScript(DbOpenHelper.java:142) Executing script: dbupdate-022-0.sql 
02 Mar 2026 15:12:13,616 INFO com.sismics.util.jpa.DbOpenHelper.executeAllScript(DbOpenHelper.java:142) Executing script: dbupdate-023-0.sql 
02 Mar 2026 15:12:13,620 INFO com.sismics.util.jpa.DbOpenHelper.executeAllScript(DbOpenHelper.java:142) Executing script: dbupdate-024-0.sql 
02 Mar 2026 15:12:13,623 INFO com.sismics.util.jpa.DbOpenHelper.executeAllScript(DbOpenHelper.java:142) Executing script: dbupdate-025-0.sql 
02 Mar 2026 15:12:13,624 INFO com.sismics.util.jpa.DbOpenHelper.executeAllScript(DbOpenHelper.java:142) Executing script: dbupdate-026-0.sql 
02 Mar 2026 15:12:13,624 INFO com.sismics.util.jpa.DbOpenHelper.executeAllScript(DbOpenHelper.java:142) Executing script: dbupdate-027-0.sql 
02 Mar 2026 15:12:13,625 INFO com.sismics.util.jpa.DbOpenHelper.executeAllScript(DbOpenHelper.java:142) Executing script: dbupdate-028-0.sql 
02 Mar 2026 15:12:13,626 INFO com.sismics.util.jpa.DbOpenHelper.executeAllScript(DbOpenHelper.java:142) Executing script: dbupdate-029-0.sql 
02 Mar 2026 15:12:13,628 INFO com.sismics.util.jpa.DbOpenHelper.executeAllScript(DbOpenHelper.java:142) Executing script: dbupdate-030-0.sql 
02 Mar 2026 15:12:13,629 INFO com.sismics.util.jpa.DbOpenHelper.executeAllScript(DbOpenHelper.java:142) Executing script: dbupdate-031-0.sql 
02 Mar 2026 15:12:13,629 INFO com.sismics.util.jpa.DbOpenHelper.open(DbOpenHelper.java:108) Database upgrade complete 
02 Mar 2026 15:12:13,630 INFO com.sismics.util.jpa.EMF.getEntityManagerProperties(EMF.java:67) Configuring EntityManager from hibernate.properties 
02 Mar 2026 15:12:15,174 INFO com.sismics.util.ClasspathScanner.findClasses(ClasspathScanner.java:48) Found 1 classes for IndexingHandler 
02 Mar 2026 15:12:15,208 INFO com.sismics.docs.core.util.indexing.LuceneIndexingHandler.initLucene(LuceneIndexingHandler.java:129) Using RAM Lucene storage 
02 Mar 2026 15:12:15,273 INFO com.sismics.docs.core.service.FileService.startUp(FileService.java:39) File service starting up 
02 Mar 2026 15:12:15,276 INFO com.sismics.docs.core.service.InboxService.startUp(InboxService.java:52) Inbox service starting up 
02 Mar 2026 15:12:15,277 INFO com.sismics.docs.core.service.FileSizeService.startUp(FileSizeService.java:30) File size service starting up 
02 Mar 2026 15:12:15,484 INFO com.sismics.docs.core.service.FileSizeService.lambda$runOneIteration$0(FileSizeService.java:50) No more file to process, stopping the service 
02 Mar 2026 15:12:15,485 INFO com.sismics.docs.core.service.FileSizeService.shutDown(FileSizeService.java:35) File size service shutting down 
02 Mar 2026 15:12:28,859 INFO com.sismics.util.ClasspathScanner.findClasses(ClasspathScanner.java:48) Found 2 classes for AuthenticationHandler 
02 Mar 2026 15:18:11,208 INFO com.sismics.docs.core.service.InboxService.shutDown(InboxService.java:57) Inbox service shutting down 
02 Mar 2026 15:18:11,209 INFO com.sismics.docs.core.service.FileService.shutDown(FileService.java:44) File service shutting down 
02 Mar 2026 15:18:16,309 INFO com.sismics.util.jpa.EMF.getEntityManagerProperties(EMF.java:67) Configuring EntityManager from hibernate.properties 
02 Mar 2026 15:18:16,771 INFO com.sismics.util.jpa.DbOpenHelper.open(DbOpenHelper.java:57) Opening database and executing incremental updates 
02 Mar 2026 15:18:16,772 INFO com.sismics.util.jpa.DbOpenHelper.open(DbOpenHelper.java:83) Unable to get database version: Table T_CONFIG not found 
02 Mar 2026 15:18:16,772 INFO com.sismics.util.jpa.DbOpenHelper.open(DbOpenHelper.java:98) Executing initial schema creation script 
02 Mar 2026 15:18:16,776 INFO com.sismics.util.jpa.DbOpenHelper.executeAllScript(DbOpenHelper.java:142) Executing script: dbupdate-000-0.sql 
02 Mar 2026 15:18:16,843 INFO com.sismics.util.jpa.DbOpenHelper.executeAllScript(DbOpenHelper.java:142) Executing script: dbupdate-000-1.sql 
02 Mar 2026 15:18:16,846 INFO com.sismics.util.jpa.DbOpenHelper.open(DbOpenHelper.java:106) Found database version 0, new version is 31, executing database incremental update scripts 
02 Mar 2026 15:18:16,848 INFO com.sismics.util.jpa.DbOpenHelper.executeAllScript(DbOpenHelper.java:142) Executing script: dbupdate-001-0.sql 
02 Mar 2026 15:18:16,878 INFO com.sismics.util.jpa.DbOpenHelper.executeAllScript(DbOpenHelper.java:142) Executing script: dbupdate-002-0.sql 
02 Mar 2026 15:18:16,884 INFO com.sismics.util.jpa.DbOpenHelper.executeAllScript(DbOpenHelper.java:142) Executing script: dbupdate-003-0.sql 
02 Mar 2026 15:18:16,890 INFO com.sismics.util.jpa.DbOpenHelper.executeAllScript(DbOpenHelper.java:142) Executing script: dbupdate-004-0.sql 
02 Mar 2026 15:18:16,904 INFO com.sismics.util.jpa.DbOpenHelper.executeAllScript(DbOpenHelper.java:142) Executing script: dbupdate-005-0.sql 
02 Mar 2026 15:18:16,905 INFO com.sismics.util.jpa.DbOpenHelper.executeAllScript(DbOpenHelper.java:142) Executing script: dbupdate-006-0.sql 
02 Mar 2026 15:18:17,001 INFO com.sismics.util.jpa.DbOpenHelper.executeAllScript(DbOpenHelper.java:142) Executing script: dbupdate-007-0.sql 
02 Mar 2026 15:18:17,005 INFO com.sismics.util.jpa.DbOpenHelper.executeAllScript(DbOpenHelper.java:142) Executing script: dbupdate-008-0.sql 
02 Mar 2026 15:18:17,007 INFO com.sismics.util.jpa.DbOpenHelper.executeAllScript(DbOpenHelper.java:142) Executing script: dbupdate-009-0.sql 
02 Mar 2026 15:18:17,011 INFO com.sismics.util.jpa.DbOpenHelper.executeAllScript(DbOpenHelper.java:142) Executing script: dbupdate-010-0.sql 
02 Mar 2026 15:18:17,012 INFO com.sismics.util.jpa.DbOpenHelper.executeAllScript(DbOpenHelper.java:142) Executing script: dbupdate-011-0.sql 
02 Mar 2026 15:18:17,017 INFO com.sismics.util.jpa.DbOpenHelper.executeAllScript(DbOpenHelper.java:142) Executing script: dbupdate-012-0.sql 
02 Mar 2026 15:18:17,020 INFO com.sismics.util.jpa.DbOpenHelper.executeAllScript(DbOpenHelper.java:142) Executing script: dbupdate-013-0.sql 
02 Mar 2026 15:18:17,022 INFO com.sismics.util.jpa.DbOpenHelper.executeAllScript(DbOpenHelper.java:142) Executing script: dbupdate-014-0.sql 
02 Mar 2026 15:18:17,025 INFO com.sismics.util.jpa.DbOpenHelper.executeAllScript(DbOpenHelper.java:142) Executing script: dbupdate-015-0.sql 
02 Mar 2026 15:18:17,032 INFO com.sismics.util.jpa.DbOpenHelper.executeAllScript(DbOpenHelper.java:142) Executing script: dbupdate-016-0.sql 
02 Mar 2026 15:18:17,033 INFO com.sismics.util.jpa.DbOpenHelper.executeAllScript(DbOpenHelper.java:142) Executing script: dbupdate-017-0.sql 
02 Mar 2026 15:18:17,034 INFO com.sismics.util.jpa.DbOpenHelper.executeAllScript(DbOpenHelper.java:142) Executing script: dbupdate-018-0.sql 
02 Mar 2026 15:18:17,046 INFO com.sismics.util.jpa.DbOpenHelper.executeAllScript(DbOpenHelper.java:142) Executing script: dbupdate-019-0.sql 
02 Mar 2026 15:18:17,047 INFO com.sismics.util.jpa.DbOpenHelper.executeAllScript(DbOpenHelper.java:142) Executing script: dbupdate-020-0.sql 
02 Mar 2026 15:18:17,048 INFO com.sismics.util.jpa.DbOpenHelper.executeAllScript(DbOpenHelper.java:142) Executing script: dbupdate-021-0.sql 
02 Mar 2026 15:18:17,052 INFO com.sismics.util.jpa.DbOpenHelper.executeAllScript(DbOpenHelper.java:142) Executing script: dbupdate-022-0.sql 
02 Mar 2026 15:18:17,057 INFO com.sismics.util.jpa.DbOpenHelper.executeAllScript(DbOpenHelper.java:142) Executing script: dbupdate-023-0.sql 
02 Mar 2026 15:18:17,060 INFO com.sismics.util.jpa.DbOpenHelper.executeAllScript(DbOpenHelper.java:142) Executing script: dbupdate-024-0.sql 
02 Mar 2026 15:18:17,064 INFO com.sismics.util.jpa.DbOpenHelper.executeAllScript(DbOpenHelper.java:142) Executing script: dbupdate-025-0.sql 
02 Mar 2026 15:18:17,065 INFO com.sismics.util.jpa.DbOpenHelper.executeAllScript(DbOpenHelper.java:142) Executing script: dbupdate-026-0.sql 
02 Mar 2026 15:18:17,065 INFO com.sismics.util.jpa.DbOpenHelper.executeAllScript(DbOpenHelper.java:142) Executing script: dbupdate-027-0.sql 
02 Mar 2026 15:18:17,066 INFO com.sismics.util.jpa.DbOpenHelper.executeAllScript(DbOpenHelper.java:142) Executing script: dbupdate-028-0.sql 
02 Mar 2026 15:18:17,067 INFO com.sismics.util.jpa.DbOpenHelper.executeAllScript(DbOpenHelper.java:142) Executing script: dbupdate-029-0.sql 
02 Mar 2026 15:18:17,070 INFO com.sismics.util.jpa.DbOpenHelper.executeAllScript(DbOpenHelper.java:142) Executing script: dbupdate-030-0.sql 
02 Mar 2026 15:18:17,071 INFO com.sismics.util.jpa.DbOpenHelper.executeAllScript(DbOpenHelper.java:142) Executing script: dbupdate-031-0.sql 
02 Mar 2026 15:18:17,071 INFO com.sismics.util.jpa.DbOpenHelper.open(DbOpenHelper.java:108) Database upgrade complete 
02 Mar 2026 15:18:17,072 INFO com.sismics.util.jpa.EMF.getEntityManagerProperties(EMF.java:67) Configuring EntityManager from hibernate.properties 
02 Mar 2026 15:18:18,635 INFO com.sismics.util.ClasspathScanner.findClasses(ClasspathScanner.java:48) Found 1 classes for IndexingHandler 
02 Mar 2026 15:18:18,672 INFO com.sismics.docs.core.util.indexing.LuceneIndexingHandler.initLucene(LuceneIndexingHandler.java:129) Using RAM Lucene storage 
02 Mar 2026 15:18:18,733 INFO com.sismics.docs.core.service.FileService.startUp(FileService.java:39) File service starting up 
02 Mar 2026 15:18:18,736 INFO com.sismics.docs.core.service.InboxService.startUp(InboxService.java:52) Inbox service starting up 
02 Mar 2026 15:18:18,737 INFO com.sismics.docs.core.service.FileSizeService.startUp(FileSizeService.java:30) File size service starting up 
02 Mar 2026 15:18:18,947 INFO com.sismics.docs.core.service.FileSizeService.lambda$runOneIteration$0(FileSizeService.java:50) No more file to process, stopping the service 
02 Mar 2026 15:18:18,948 INFO com.sismics.docs.core.service.FileSizeService.shutDown(FileSizeService.java:35) File size service shutting down 
02 Mar 2026 15:19:55,342 INFO com.sismics.docs.core.service.InboxService.shutDown(InboxService.java:57) Inbox service shutting down 
02 Mar 2026 15:19:55,343 INFO com.sismics.docs.core.service.FileService.shutDown(FileService.java:44) File service shutting down 
02 Mar 2026 15:27:48,181 INFO com.sismics.util.jpa.EMF.getEntityManagerProperties(EMF.java:67) Configuring EntityManager from hibernate.properties 
02 Mar 2026 15:27:48,644 INFO com.sismics.util.jpa.DbOpenHelper.open(DbOpenHelper.java:57) Opening database and executing incremental updates 
02 Mar 2026 15:27:48,645 INFO com.sismics.util.jpa.DbOpenHelper.open(DbOpenHelper.java:83) Unable to get database version: Table T_CONFIG not found 
02 Mar 2026 15:27:48,646 INFO com.sismics.util.jpa.DbOpenHelper.open(DbOpenHelper.java:98) Executing initial schema creation script 
02 Mar 2026 15:27:48,650 INFO com.sismics.util.jpa.DbOpenHelper.executeAllScript(DbOpenHelper.java:142) Executing script: dbupdate-000-0.sql 
02 Mar 2026 15:27:48,701 INFO com.sismics.util.jpa.DbOpenHelper.executeAllScript(DbOpenHelper.java:142) Executing script: dbupdate-000-1.sql 
02 Mar 2026 15:27:48,704 INFO com.sismics.util.jpa.DbOpenHelper.open(DbOpenHelper.java:106) Found database version 0, new version is 31, executing database incremental update scripts 
02 Mar 2026 15:27:48,707 INFO com.sismics.util.jpa.DbOpenHelper.executeAllScript(DbOpenHelper.java:142) Executing script: dbupdate-001-0.sql 
02 Mar 2026 15:27:48,732 INFO com.sismics.util.jpa.DbOpenHelper.executeAllScript(DbOpenHelper.java:142) Executing script: dbupdate-002-0.sql 
02 Mar 2026 15:27:48,737 INFO com.sismics.util.jpa.DbOpenHelper.executeAllScript(DbOpenHelper.java:142) Executing script: dbupdate-003-0.sql 
02 Mar 2026 15:27:48,742 INFO com.sismics.util.jpa.DbOpenHelper.executeAllScript(DbOpenHelper.java:142) Executing script: dbupdate-004-0.sql 
02 Mar 2026 15:27:48,754 INFO com.sismics.util.jpa.DbOpenHelper.executeAllScript(DbOpenHelper.java:142) Executing script: dbupdate-005-0.sql 
02 Mar 2026 15:27:48,756 INFO com.sismics.util.jpa.DbOpenHelper.executeAllScript(DbOpenHelper.java:142) Executing script: dbupdate-006-0.sql 
02 Mar 2026 15:27:48,845 INFO com.sismics.util.jpa.DbOpenHelper.executeAllScript(DbOpenHelper.java:142) Executing script: dbupdate-007-0.sql 
02 Mar 2026 15:27:48,849 INFO com.sismics.util.jpa.DbOpenHelper.executeAllScript(DbOpenHelper.java:142) Executing script: dbupdate-008-0.sql 
02 Mar 2026 15:27:48,852 INFO com.sismics.util.jpa.DbOpenHelper.executeAllScript(DbOpenHelper.java:142) Executing script: dbupdate-009-0.sql 
02 Mar 2026 15:27:48,858 INFO com.sismics.util.jpa.DbOpenHelper.executeAllScript(DbOpenHelper.java:142) Executing script: dbupdate-010-0.sql 
02 Mar 2026 15:27:48,860 INFO com.sismics.util.jpa.DbOpenHelper.executeAllScript(DbOpenHelper.java:142) Executing script: dbupdate-011-0.sql 
02 Mar 2026 15:27:48,865 INFO com.sismics.util.jpa.DbOpenHelper.executeAllScript(DbOpenHelper.java:142) Executing script: dbupdate-012-0.sql 
02 Mar 2026 15:27:48,872 INFO com.sismics.util.jpa.DbOpenHelper.executeAllScript(DbOpenHelper.java:142) Executing script: dbupdate-013-0.sql 
02 Mar 2026 15:27:48,873 INFO com.sismics.util.jpa.DbOpenHelper.executeAllScript(DbOpenHelper.java:142) Executing script: dbupdate-014-0.sql 
02 Mar 2026 15:27:48,876 INFO com.sismics.util.jpa.DbOpenHelper.executeAllScript(DbOpenHelper.java:142) Executing script: dbupdate-015-0.sql 
02 Mar 2026 15:27:48,884 INFO com.sismics.util.jpa.DbOpenHelper.executeAllScript(DbOpenHelper.java:142) Executing script: dbupdate-016-0.sql 
02 Mar 2026 15:27:48,885 INFO com.sismics.util.jpa.DbOpenHelper.executeAllScript(DbOpenHelper.java:142) Executing script: dbupdate-017-0.sql 
02 Mar 2026 15:27:48,886 INFO com.sismics.util.jpa.DbOpenHelper.executeAllScript(DbOpenHelper.java:142) Executing script: dbupdate-018-0.sql 
02 Mar 2026 15:27:48,897 INFO com.sismics.util.jpa.DbOpenHelper.executeAllScript(DbOpenHelper.java:142) Executing script: dbupdate-019-0.sql 
02 Mar 2026 15:27:48,899 INFO com.sismics.util.jpa.DbOpenHelper.executeAllScript(DbOpenHelper.java:142) Executing script: dbupdate-020-0.sql 
02 Mar 2026 15:27:48,900 INFO com.sismics.util.jpa.DbOpenHelper.executeAllScript(DbOpenHelper.java:142) Executing script: dbupdate-021-0.sql 
02 Mar 2026 15:27:48,906 INFO com.sismics.util.jpa.DbOpenHelper.executeAllScript(DbOpenHelper.java:142) Executing script: dbupdate-022-0.sql 
02 Mar 2026 15:27:48,912 INFO com.sismics.util.jpa.DbOpenHelper.executeAllScript(DbOpenHelper.java:142) Executing script: dbupdate-023-0.sql 
02 Mar 2026 15:27:48,915 INFO com.sismics.util.jpa.DbOpenHelper.executeAllScript(DbOpenHelper.java:142) Executing script: dbupdate-024-0.sql 
02 Mar 2026 15:27:48,918 INFO com.sismics.util.jpa.DbOpenHelper.executeAllScript(DbOpenHelper.java:142) Executing script: dbupdate-025-0.sql 
02 Mar 2026 15:27:48,919 INFO com.sismics.util.jpa.DbOpenHelper.executeAllScript(DbOpenHelper.java:142) Executing script: dbupdate-026-0.sql 
02 Mar 2026 15:27:48,920 INFO com.sismics.util.jpa.DbOpenHelper.executeAllScript(DbOpenHelper.java:142) Executing script: dbupdate-027-0.sql 
02 Mar 2026 15:27:48,920 INFO com.sismics.util.jpa.DbOpenHelper.executeAllScript(DbOpenHelper.java:142) Executing script: dbupdate-028-0.sql 
02 Mar 2026 15:27:48,921 INFO com.sismics.util.jpa.DbOpenHelper.executeAllScript(DbOpenHelper.java:142) Executing script: dbupdate-029-0.sql 
02 Mar 2026 15:27:48,924 INFO com.sismics.util.jpa.DbOpenHelper.executeAllScript(DbOpenHelper.java:142) Executing script: dbupdate-030-0.sql 
02 Mar 2026 15:27:48,925 INFO com.sismics.util.jpa.DbOpenHelper.executeAllScript(DbOpenHelper.java:142) Executing script: dbupdate-031-0.sql 
02 Mar 2026 15:27:48,926 INFO com.sismics.util.jpa.DbOpenHelper.open(DbOpenHelper.java:108) Database upgrade complete 
02 Mar 2026 15:27:48,926 INFO com.sismics.util.jpa.EMF.getEntityManagerProperties(EMF.java:67) Configuring EntityManager from hibernate.properties 
02 Mar 2026 15:27:50,436 INFO com.sismics.util.ClasspathScanner.findClasses(ClasspathScanner.java:48) Found 1 classes for IndexingHandler 
02 Mar 2026 15:27:50,477 INFO com.sismics.docs.core.util.indexing.LuceneIndexingHandler.initLucene(LuceneIndexingHandler.java:129) Using RAM Lucene storage 
02 Mar 2026 15:27:50,551 INFO com.sismics.docs.core.service.FileService.startUp(FileService.java:39) File service starting up 
02 Mar 2026 15:27:50,555 INFO com.sismics.docs.core.service.InboxService.startUp(InboxService.java:52) Inbox service starting up 
02 Mar 2026 15:27:50,556 INFO com.sismics.docs.core.service.FileSizeService.startUp(FileSizeService.java:30) File size service starting up 
02 Mar 2026 15:27:50,790 INFO com.sismics.docs.core.service.FileSizeService.lambda$runOneIteration$0(FileSizeService.java:50) No more file to process, stopping the service 
02 Mar 2026 15:27:50,791 INFO com.sismics.docs.core.service.FileSizeService.shutDown(FileSizeService.java:35) File size service shutting down 
02 Mar 2026 15:28:36,988 INFO com.sismics.util.ClasspathScanner.findClasses(ClasspathScanner.java:48) Found 2 classes for AuthenticationHandler 
02 Mar 2026 15:29:31,250 INFO com.sismics.docs.core.service.InboxService.shutDown(InboxService.java:57) Inbox service shutting down 
02 Mar 2026 15:29:31,251 INFO com.sismics.docs.core.service.FileService.shutDown(FileService.java:44) File service shutting down 
02 Mar 2026 15:37:25,167 INFO com.sismics.util.jpa.EMF.getEntityManagerProperties(EMF.java:67) Configuring EntityManager from hibernate.properties 
02 Mar 2026 15:37:25,627 INFO com.sismics.util.jpa.DbOpenHelper.open(DbOpenHelper.java:57) Opening database and executing incremental updates 
02 Mar 2026 15:37:25,628 INFO com.sismics.util.jpa.DbOpenHelper.open(DbOpenHelper.java:83) Unable to get database version: Table T_CONFIG not found 
02 Mar 2026 15:37:25,629 INFO com.sismics.util.jpa.DbOpenHelper.open(DbOpenHelper.java:98) Executing initial schema creation script 
02 Mar 2026 15:37:25,634 INFO com.sismics.util.jpa.DbOpenHelper.executeAllScript(DbOpenHelper.java:142) Executing script: dbupdate-000-0.sql 
02 Mar 2026 15:37:25,700 INFO com.sismics.util.jpa.DbOpenHelper.executeAllScript(DbOpenHelper.java:142) Executing script: dbupdate-000-1.sql 
02 Mar 2026 15:37:25,703 INFO com.sismics.util.jpa.DbOpenHelper.open(DbOpenHelper.java:106) Found database version 0, new version is 31, executing database incremental update scripts 
02 Mar 2026 15:37:25,704 INFO com.sismics.util.jpa.DbOpenHelper.executeAllScript(DbOpenHelper.java:142) Executing script: dbupdate-001-0.sql 
02 Mar 2026 15:37:25,733 INFO com.sismics.util.jpa.DbOpenHelper.executeAllScript(DbOpenHelper.java:142) Executing script: dbupdate-002-0.sql 
02 Mar 2026 15:37:25,744 INFO com.sismics.util.jpa.DbOpenHelper.executeAllScript(DbOpenHelper.java:142) Executing script: dbupdate-003-0.sql 
02 Mar 2026 15:37:25,750 INFO com.sismics.util.jpa.DbOpenHelper.executeAllScript(DbOpenHelper.java:142) Executing script: dbupdate-004-0.sql 
02 Mar 2026 15:37:25,764 INFO com.sismics.util.jpa.DbOpenHelper.executeAllScript(DbOpenHelper.java:142) Executing script: dbupdate-005-0.sql 
02 Mar 2026 15:37:25,766 INFO com.sismics.util.jpa.DbOpenHelper.executeAllScript(DbOpenHelper.java:142) Executing script: dbupdate-006-0.sql 
02 Mar 2026 15:37:25,872 INFO com.sismics.util.jpa.DbOpenHelper.executeAllScript(DbOpenHelper.java:142) Executing script: dbupdate-007-0.sql 
02 Mar 2026 15:37:25,874 INFO com.sismics.util.jpa.DbOpenHelper.executeAllScript(DbOpenHelper.java:142) Executing script: dbupdate-008-0.sql 
02 Mar 2026 15:37:25,876 INFO com.sismics.util.jpa.DbOpenHelper.executeAllScript(DbOpenHelper.java:142) Executing script: dbupdate-009-0.sql 
02 Mar 2026 15:37:25,881 INFO com.sismics.util.jpa.DbOpenHelper.executeAllScript(DbOpenHelper.java:142) Executing script: dbupdate-010-0.sql 
02 Mar 2026 15:37:25,884 INFO com.sismics.util.jpa.DbOpenHelper.executeAllScript(DbOpenHelper.java:142) Executing script: dbupdate-011-0.sql 
02 Mar 2026 15:37:25,888 INFO com.sismics.util.jpa.DbOpenHelper.executeAllScript(DbOpenHelper.java:142) Executing script: dbupdate-012-0.sql 
02 Mar 2026 15:37:25,891 INFO com.sismics.util.jpa.DbOpenHelper.executeAllScript(DbOpenHelper.java:142) Executing script: dbupdate-013-0.sql 
02 Mar 2026 15:37:25,893 INFO com.sismics.util.jpa.DbOpenHelper.executeAllScript(DbOpenHelper.java:142) Executing script: dbupdate-014-0.sql 
02 Mar 2026 15:37:25,896 INFO com.sismics.util.jpa.DbOpenHelper.executeAllScript(DbOpenHelper.java:142) Executing script: dbupdate-015-0.sql 
02 Mar 2026 15:37:25,904 INFO com.sismics.util.jpa.DbOpenHelper.executeAllScript(DbOpenHelper.java:142) Executing script: dbupdate-016-0.sql 
02 Mar 2026 15:37:25,905 INFO com.sismics.util.jpa.DbOpenHelper.executeAllScript(DbOpenHelper.java:142) Executing script: dbupdate-017-0.sql 
02 Mar 2026 15:37:25,906 INFO com.sismics.util.jpa.DbOpenHelper.executeAllScript(DbOpenHelper.java:142) Executing script: dbupdate-018-0.sql 
02 Mar 2026 15:37:25,918 INFO com.sismics.util.jpa.DbOpenHelper.executeAllScript(DbOpenHelper.java:142) Executing script: dbupdate-019-0.sql 
02 Mar 2026 15:37:25,920 INFO com.sismics.util.jpa.DbOpenHelper.executeAllScript(DbOpenHelper.java:142) Executing script: dbupdate-020-0.sql 
02 Mar 2026 15:37:25,921 INFO com.sismics.util.jpa.DbOpenHelper.executeAllScript(DbOpenHelper.java:142) Executing script: dbupdate-021-0.sql 
02 Mar 2026 15:37:25,925 INFO com.sismics.util.jpa.DbOpenHelper.executeAllScript(DbOpenHelper.java:142) Executing script: dbupdate-022-0.sql 
02 Mar 2026 15:37:25,930 INFO com.sismics.util.jpa.DbOpenHelper.executeAllScript(DbOpenHelper.java:142) Executing script: dbupdate-023-0.sql 
02 Mar 2026 15:37:25,933 INFO com.sismics.util.jpa.DbOpenHelper.executeAllScript(DbOpenHelper.java:142) Executing script: dbupdate-024-0.sql 
02 Mar 2026 15:37:25,937 INFO com.sismics.util.jpa.DbOpenHelper.executeAllScript(DbOpenHelper.java:142) Executing script: dbupdate-025-0.sql 
02 Mar 2026 15:37:25,938 INFO com.sismics.util.jpa.DbOpenHelper.executeAllScript(DbOpenHelper.java:142) Executing script: dbupdate-026-0.sql 
02 Mar 2026 15:37:25,938 INFO com.sismics.util.jpa.DbOpenHelper.executeAllScript(DbOpenHelper.java:142) Executing script: dbupdate-027-0.sql 
02 Mar 2026 15:37:25,939 INFO com.sismics.util.jpa.DbOpenHelper.executeAllScript(DbOpenHelper.java:142) Executing script: dbupdate-028-0.sql 
02 Mar 2026 15:37:25,940 INFO com.sismics.util.jpa.DbOpenHelper.executeAllScript(DbOpenHelper.java:142) Executing script: dbupdate-029-0.sql 
02 Mar 2026 15:37:25,942 INFO com.sismics.util.jpa.DbOpenHelper.executeAllScript(DbOpenHelper.java:142) Executing script: dbupdate-030-0.sql 
02 Mar 2026 15:37:25,943 INFO com.sismics.util.jpa.DbOpenHelper.executeAllScript(DbOpenHelper.java:142) Executing script: dbupdate-031-0.sql 
02 Mar 2026 15:37:25,944 INFO com.sismics.util.jpa.DbOpenHelper.open(DbOpenHelper.java:108) Database upgrade complete 
02 Mar 2026 15:37:25,944 INFO com.sismics.util.jpa.EMF.getEntityManagerProperties(EMF.java:67) Configuring EntityManager from hibernate.properties 
02 Mar 2026 15:37:27,365 INFO com.sismics.util.ClasspathScanner.findClasses(ClasspathScanner.java:48) Found 1 classes for IndexingHandler 
02 Mar 2026 15:37:27,399 INFO com.sismics.docs.core.util.indexing.LuceneIndexingHandler.initLucene(LuceneIndexingHandler.java:129) Using RAM Lucene storage 
02 Mar 2026 15:37:27,459 INFO com.sismics.docs.core.service.FileService.startUp(FileService.java:39) File service starting up 
02 Mar 2026 15:37:27,463 INFO com.sismics.docs.core.service.InboxService.startUp(InboxService.java:52) Inbox service starting up 
02 Mar 2026 15:37:27,464 INFO com.sismics.docs.core.service.FileSizeService.startUp(FileSizeService.java:30) File size service starting up 
02 Mar 2026 15:37:27,651 INFO com.sismics.docs.core.service.FileSizeService.lambda$runOneIteration$0(FileSizeService.java:50) No more file to process, stopping the service 
02 Mar 2026 15:37:27,652 INFO com.sismics.docs.core.service.FileSizeService.shutDown(FileSizeService.java:35) File size service shutting down 
02 Mar 2026 15:40:48,531 INFO com.sismics.docs.core.service.InboxService.shutDown(InboxService.java:57) Inbox service shutting down 
02 Mar 2026 15:40:48,531 INFO com.sismics.docs.core.service.FileService.shutDown(FileService.java:44) File service shutting down 
02 Mar 2026 21:44:34,924 INFO com.sismics.util.jpa.EMF.getEntityManagerProperties(EMF.java:67) Configuring EntityManager from hibernate.properties 
02 Mar 2026 21:44:35,333 INFO com.sismics.util.jpa.DbOpenHelper.open(DbOpenHelper.java:57) Opening database and executing incremental updates 
02 Mar 2026 21:44:35,334 INFO com.sismics.util.jpa.DbOpenHelper.open(DbOpenHelper.java:83) Unable to get database version: Table T_CONFIG not found 
02 Mar 2026 21:44:35,335 INFO com.sismics.util.jpa.DbOpenHelper.open(DbOpenHelper.java:98) Executing initial schema creation script 
02 Mar 2026 21:44:35,338 INFO com.sismics.util.jpa.DbOpenHelper.executeAllScript(DbOpenHelper.java:142) Executing script: dbupdate-000-0.sql 
02 Mar 2026 21:44:35,402 INFO com.sismics.util.jpa.DbOpenHelper.executeAllScript(DbOpenHelper.java:142) Executing script: dbupdate-000-1.sql 
02 Mar 2026 21:44:35,406 INFO com.sismics.util.jpa.DbOpenHelper.open(DbOpenHelper.java:106) Found database version 0, new version is 31, executing database incremental update scripts 
02 Mar 2026 21:44:35,409 INFO com.sismics.util.jpa.DbOpenHelper.executeAllScript(DbOpenHelper.java:142) Executing script: dbupdate-001-0.sql 
02 Mar 2026 21:44:35,440 INFO com.sismics.util.jpa.DbOpenHelper.executeAllScript(DbOpenHelper.java:142) Executing script: dbupdate-002-0.sql 
02 Mar 2026 21:44:35,446 INFO com.sismics.util.jpa.DbOpenHelper.executeAllScript(DbOpenHelper.java:142) Executing script: dbupdate-003-0.sql 
02 Mar 2026 21:44:35,453 INFO com.sismics.util.jpa.DbOpenHelper.executeAllScript(DbOpenHelper.java:142) Executing script: dbupdate-004-0.sql 
02 Mar 2026 21:44:35,466 INFO com.sismics.util.jpa.DbOpenHelper.executeAllScript(DbOpenHelper.java:142) Executing script: dbupdate-005-0.sql 
02 Mar 2026 21:44:35,467 INFO com.sismics.util.jpa.DbOpenHelper.executeAllScript(DbOpenHelper.java:142) Executing script: dbupdate-006-0.sql 
02 Mar 2026 21:44:35,571 INFO com.sismics.util.jpa.DbOpenHelper.executeAllScript(DbOpenHelper.java:142) Executing script: dbupdate-007-0.sql 
02 Mar 2026 21:44:35,573 INFO com.sismics.util.jpa.DbOpenHelper.executeAllScript(DbOpenHelper.java:142) Executing script: dbupdate-008-0.sql 
02 Mar 2026 21:44:35,575 INFO com.sismics.util.jpa.DbOpenHelper.executeAllScript(DbOpenHelper.java:142) Executing script: dbupdate-009-0.sql 
02 Mar 2026 21:44:35,579 INFO com.sismics.util.jpa.DbOpenHelper.executeAllScript(DbOpenHelper.java:142) Executing script: dbupdate-010-0.sql 
02 Mar 2026 21:44:35,581 INFO com.sismics.util.jpa.DbOpenHelper.executeAllScript(DbOpenHelper.java:142) Executing script: dbupdate-011-0.sql 
02 Mar 2026 21:44:35,585 INFO com.sismics.util.jpa.DbOpenHelper.executeAllScript(DbOpenHelper.java:142) Executing script: dbupdate-012-0.sql 
02 Mar 2026 21:44:35,588 INFO com.sismics.util.jpa.DbOpenHelper.executeAllScript(DbOpenHelper.java:142) Executing script: dbupdate-013-0.sql 
02 Mar 2026 21:44:35,589 INFO com.sismics.util.jpa.DbOpenHelper.executeAllScript(DbOpenHelper.java:142) Executing script: dbupdate-014-0.sql 
02 Mar 2026 21:44:35,592 INFO com.sismics.util.jpa.DbOpenHelper.executeAllScript(DbOpenHelper.java:142) Executing script: dbupdate-015-0.sql 
02 Mar 2026 21:44:35,602 INFO com.sismics.util.jpa.DbOpenHelper.executeAllScript(DbOpenHelper.java:142) Executing script: dbupdate-016-0.sql 
02 Mar 2026 21:44:35,604 INFO com.sismics.util.jpa.DbOpenHelper.executeAllScript(DbOpenHelper.java:142) Executing script: dbupdate-017-0.sql 
02 Mar 2026 21:44:35,606 INFO com.sismics.util.jpa.DbOpenHelper.executeAllScript(DbOpenHelper.java:142) Executing script: dbupdate-018-0.sql 
02 Mar 2026 21:44:35,622 INFO com.sismics.util.jpa.DbOpenHelper.executeAllScript(DbOpenHelper.java:142) Executing script: dbupdate-019-0.sql 
02 Mar 2026 21:44:35,624 INFO com.sismics.util.jpa.DbOpenHelper.executeAllScript(DbOpenHelper.java:142) Executing script: dbupdate-020-0.sql 
02 Mar 2026 21:44:35,626 INFO com.sismics.util.jpa.DbOpenHelper.executeAllScript(DbOpenHelper.java:142) Executing script: dbupdate-021-0.sql 
02 Mar 2026 21:44:35,632 INFO com.sismics.util.jpa.DbOpenHelper.executeAllScript(DbOpenHelper.java:142) Executing script: dbupdate-022-0.sql 
02 Mar 2026 21:44:35,637 INFO com.sismics.util.jpa.DbOpenHelper.executeAllScript(DbOpenHelper.java:142) Executing script: dbupdate-023-0.sql 
02 Mar 2026 21:44:35,639 INFO com.sismics.util.jpa.DbOpenHelper.executeAllScript(DbOpenHelper.java:142) Executing script: dbupdate-024-0.sql 
02 Mar 2026 21:44:35,644 INFO com.sismics.util.jpa.DbOpenHelper.executeAllScript(DbOpenHelper.java:142) Executing script: dbupdate-025-0.sql 
02 Mar 2026 21:44:35,645 INFO com.sismics.util.jpa.DbOpenHelper.executeAllScript(DbOpenHelper.java:142) Executing script: dbupdate-026-0.sql 
02 Mar 2026 21:44:35,646 INFO com.sismics.util.jpa.DbOpenHelper.executeAllScript(DbOpenHelper.java:142) Executing script: dbupdate-027-0.sql 
02 Mar 2026 21:44:35,646 INFO com.sismics.util.jpa.DbOpenHelper.executeAllScript(DbOpenHelper.java:142) Executing script: dbupdate-028-0.sql 
02 Mar 2026 21:44:35,647 INFO com.sismics.util.jpa.DbOpenHelper.executeAllScript(DbOpenHelper.java:142) Executing script: dbupdate-029-0.sql 
02 Mar 2026 21:44:35,650 INFO com.sismics.util.jpa.DbOpenHelper.executeAllScript(DbOpenHelper.java:142) Executing script: dbupdate-030-0.sql 
02 Mar 2026 21:44:35,651 INFO com.sismics.util.jpa.DbOpenHelper.executeAllScript(DbOpenHelper.java:142) Executing script: dbupdate-031-0.sql 
02 Mar 2026 21:44:35,652 INFO com.sismics.util.jpa.DbOpenHelper.open(DbOpenHelper.java:108) Database upgrade complete 
02 Mar 2026 21:44:35,652 INFO com.sismics.util.jpa.EMF.getEntityManagerProperties(EMF.java:67) Configuring EntityManager from hibernate.properties 
02 Mar 2026 21:44:37,236 INFO com.sismics.util.ClasspathScanner.findClasses(ClasspathScanner.java:48) Found 1 classes for IndexingHandler 
02 Mar 2026 21:44:37,277 INFO com.sismics.docs.core.util.indexing.LuceneIndexingHandler.initLucene(LuceneIndexingHandler.java:129) Using RAM Lucene storage 
02 Mar 2026 21:44:37,343 INFO com.sismics.docs.core.service.FileService.startUp(FileService.java:39) File service starting up 
02 Mar 2026 21:44:37,346 INFO com.sismics.docs.core.service.InboxService.startUp(InboxService.java:52) Inbox service starting up 
02 Mar 2026 21:44:37,347 INFO com.sismics.docs.core.service.FileSizeService.startUp(FileSizeService.java:30) File size service starting up 
02 Mar 2026 21:44:37,533 INFO com.sismics.docs.core.service.FileSizeService.lambda$runOneIteration$0(FileSizeService.java:50) No more file to process, stopping the service 
02 Mar 2026 21:44:37,534 INFO com.sismics.docs.core.service.FileSizeService.shutDown(FileSizeService.java:35) File size service shutting down 
02 Mar 2026 21:45:19,601 INFO com.sismics.docs.core.service.InboxService.shutDown(InboxService.java:57) Inbox service shutting down 
02 Mar 2026 21:45:19,602 INFO com.sismics.docs.core.service.FileService.shutDown(FileService.java:44) File service shutting down 
02 Mar 2026 21:48:43,661 INFO com.sismics.util.jpa.EMF.getEntityManagerProperties(EMF.java:67) Configuring EntityManager from hibernate.properties 
02 Mar 2026 21:48:43,996 INFO com.sismics.util.jpa.DbOpenHelper.open(DbOpenHelper.java:57) Opening database and executing incremental updates 
02 Mar 2026 21:48:43,996 INFO com.sismics.util.jpa.DbOpenHelper.open(DbOpenHelper.java:83) Unable to get database version: Table T_CONFIG not found 
02 Mar 2026 21:48:43,997 INFO com.sismics.util.jpa.DbOpenHelper.open(DbOpenHelper.java:98) Executing initial schema creation script 
02 Mar 2026 21:48:44,000 INFO com.sismics.util.jpa.DbOpenHelper.executeAllScript(DbOpenHelper.java:142) Executing script: dbupdate-000-0.sql 
02 Mar 2026 21:48:44,068 INFO com.sismics.util.jpa.DbOpenHelper.executeAllScript(DbOpenHelper.java:142) Executing script: dbupdate-000-1.sql 
02 Mar 2026 21:48:44,073 INFO com.sismics.util.jpa.DbOpenHelper.open(DbOpenHelper.java:106) Found database version 0, new version is 31, executing database incremental update scripts 
02 Mar 2026 21:48:44,076 INFO com.sismics.util.jpa.DbOpenHelper.executeAllScript(DbOpenHelper.java:142) Executing script: dbupdate-001-0.sql 
02 Mar 2026 21:48:44,111 INFO com.sismics.util.jpa.DbOpenHelper.executeAllScript(DbOpenHelper.java:142) Executing script: dbupdate-002-0.sql 
02 Mar 2026 21:48:44,118 INFO com.sismics.util.jpa.DbOpenHelper.executeAllScript(DbOpenHelper.java:142) Executing script: dbupdate-003-0.sql 
02 Mar 2026 21:48:44,124 INFO com.sismics.util.jpa.DbOpenHelper.executeAllScript(DbOpenHelper.java:142) Executing script: dbupdate-004-0.sql 
02 Mar 2026 21:48:44,137 INFO com.sismics.util.jpa.DbOpenHelper.executeAllScript(DbOpenHelper.java:142) Executing script: dbupdate-005-0.sql 
02 Mar 2026 21:48:44,138 INFO com.sismics.util.jpa.DbOpenHelper.executeAllScript(DbOpenHelper.java:142) Executing script: dbupdate-006-0.sql 
02 Mar 2026 21:48:44,242 INFO com.sismics.util.jpa.DbOpenHelper.executeAllScript(DbOpenHelper.java:142) Executing script: dbupdate-007-0.sql 
02 Mar 2026 21:48:44,248 INFO com.sismics.util.jpa.DbOpenHelper.executeAllScript(DbOpenHelper.java:142) Executing script: dbupdate-008-0.sql 
02 Mar 2026 21:48:44,250 INFO com.sismics.util.jpa.DbOpenHelper.executeAllScript(DbOpenHelper.java:142) Executing script: dbupdate-009-0.sql 
02 Mar 2026 21:48:44,254 INFO com.sismics.util.jpa.DbOpenHelper.executeAllScript(DbOpenHelper.java:142) Executing script: dbupdate-010-0.sql 
02 Mar 2026 21:48:44,256 INFO com.sismics.util.jpa.DbOpenHelper.executeAllScript(DbOpenHelper.java:142) Executing script: dbupdate-011-0.sql 
02 Mar 2026 21:48:44,260 INFO com.sismics.util.jpa.DbOpenHelper.executeAllScript(DbOpenHelper.java:142) Executing script: dbupdate-012-0.sql 
02 Mar 2026 21:48:44,263 INFO com.sismics.util.jpa.DbOpenHelper.executeAllScript(DbOpenHelper.java:142) Executing script: dbupdate-013-0.sql 
02 Mar 2026 21:48:44,264 INFO com.sismics.util.jpa.DbOpenHelper.executeAllScript(DbOpenHelper.java:142) Executing script: dbupdate-014-0.sql 
02 Mar 2026 21:48:44,267 INFO com.sismics.util.jpa.DbOpenHelper.executeAllScript(DbOpenHelper.java:142) Executing script: dbupdate-015-0.sql 
02 Mar 2026 21:48:44,273 INFO com.sismics.util.jpa.DbOpenHelper.executeAllScript(DbOpenHelper.java:142) Executing script: dbupdate-016-0.sql 
02 Mar 2026 21:48:44,274 INFO com.sismics.util.jpa.DbOpenHelper.executeAllScript(DbOpenHelper.java:142) Executing script: dbupdate-017-0.sql 
02 Mar 2026 21:48:44,275 INFO com.sismics.util.jpa.DbOpenHelper.executeAllScript(DbOpenHelper.java:142) Executing script: dbupdate-018-0.sql 
02 Mar 2026 21:48:44,287 INFO com.sismics.util.jpa.DbOpenHelper.executeAllScript(DbOpenHelper.java:142) Executing script: dbupdate-019-0.sql 
02 Mar 2026 21:48:44,288 INFO com.sismics.util.jpa.DbOpenHelper.executeAllScript(DbOpenHelper.java:142) Executing script: dbupdate-020-0.sql 
02 Mar 2026 21:48:44,289 INFO com.sismics.util.jpa.DbOpenHelper.executeAllScript(DbOpenHelper.java:142) Executing script: dbupdate-021-0.sql 
02 Mar 2026 21:48:44,294 INFO com.sismics.util.jpa.DbOpenHelper.executeAllScript(DbOpenHelper.java:142) Executing script: dbupdate-022-0.sql 
02 Mar 2026 21:48:44,300 INFO com.sismics.util.jpa.DbOpenHelper.executeAllScript(DbOpenHelper.java:142) Executing script: dbupdate-023-0.sql 
02 Mar 2026 21:48:44,302 INFO com.sismics.util.jpa.DbOpenHelper.executeAllScript(DbOpenHelper.java:142) Executing script: dbupdate-024-0.sql 
02 Mar 2026 21:48:44,305 INFO com.sismics.util.jpa.DbOpenHelper.executeAllScript(DbOpenHelper.java:142) Executing script: dbupdate-025-0.sql 
02 Mar 2026 21:48:44,306 INFO com.sismics.util.jpa.DbOpenHelper.executeAllScript(DbOpenHelper.java:142) Executing script: dbupdate-026-0.sql 
02 Mar 2026 21:48:44,306 INFO com.sismics.util.jpa.DbOpenHelper.executeAllScript(DbOpenHelper.java:142) Executing script: dbupdate-027-0.sql 
02 Mar 2026 21:48:44,307 INFO com.sismics.util.jpa.DbOpenHelper.executeAllScript(DbOpenHelper.java:142) Executing script: dbupdate-028-0.sql 
02 Mar 2026 21:48:44,308 INFO com.sismics.util.jpa.DbOpenHelper.executeAllScript(DbOpenHelper.java:142) Executing script: dbupdate-029-0.sql 
02 Mar 2026 21:48:44,311 INFO com.sismics.util.jpa.DbOpenHelper.executeAllScript(DbOpenHelper.java:142) Executing script: dbupdate-030-0.sql 
02 Mar 2026 21:48:44,312 INFO com.sismics.util.jpa.DbOpenHelper.executeAllScript(DbOpenHelper.java:142) Executing script: dbupdate-031-0.sql 
02 Mar 2026 21:48:44,312 INFO com.sismics.util.jpa.DbOpenHelper.open(DbOpenHelper.java:108) Database upgrade complete 
02 Mar 2026 21:48:44,313 INFO com.sismics.util.jpa.EMF.getEntityManagerProperties(EMF.java:67) Configuring EntityManager from hibernate.properties 
02 Mar 2026 21:48:45,601 INFO com.sismics.util.ClasspathScanner.findClasses(ClasspathScanner.java:48) Found 1 classes for IndexingHandler 
02 Mar 2026 21:48:45,627 INFO com.sismics.docs.core.util.indexing.LuceneIndexingHandler.initLucene(LuceneIndexingHandler.java:129) Using RAM Lucene storage 
02 Mar 2026 21:48:45,673 INFO com.sismics.docs.core.service.FileService.startUp(FileService.java:39) File service starting up 
02 Mar 2026 21:48:45,675 INFO com.sismics.docs.core.service.InboxService.startUp(InboxService.java:52) Inbox service starting up 
02 Mar 2026 21:48:45,676 INFO com.sismics.docs.core.service.FileSizeService.startUp(FileSizeService.java:30) File size service starting up 
02 Mar 2026 21:48:45,868 INFO com.sismics.docs.core.service.FileSizeService.lambda$runOneIteration$0(FileSizeService.java:50) No more file to process, stopping the service 
02 Mar 2026 21:48:45,868 INFO com.sismics.docs.core.service.FileSizeService.shutDown(FileSizeService.java:35) File size service shutting down 
02 Mar 2026 21:49:06,063 INFO com.sismics.docs.core.service.InboxService.shutDown(InboxService.java:57) Inbox service shutting down 
02 Mar 2026 21:49:06,063 INFO com.sismics.docs.core.service.FileService.shutDown(FileService.java:44) File service shutting down 
02 Mar 2026 21:51:11,151 INFO com.sismics.util.jpa.EMF.getEntityManagerProperties(EMF.java:67) Configuring EntityManager from hibernate.properties 
02 Mar 2026 21:51:11,517 INFO com.sismics.util.jpa.DbOpenHelper.open(DbOpenHelper.java:57) Opening database and executing incremental updates 
02 Mar 2026 21:51:11,517 INFO com.sismics.util.jpa.DbOpenHelper.open(DbOpenHelper.java:83) Unable to get database version: Table T_CONFIG not found 
02 Mar 2026 21:51:11,518 INFO com.sismics.util.jpa.DbOpenHelper.open(DbOpenHelper.java:98) Executing initial schema creation script 
02 Mar 2026 21:51:11,521 INFO com.sismics.util.jpa.DbOpenHelper.executeAllScript(DbOpenHelper.java:142) Executing script: dbupdate-000-0.sql 
02 Mar 2026 21:51:11,582 INFO com.sismics.util.jpa.DbOpenHelper.executeAllScript(DbOpenHelper.java:142) Executing script: dbupdate-000-1.sql 
02 Mar 2026 21:51:11,586 INFO com.sismics.util.jpa.DbOpenHelper.open(DbOpenHelper.java:106) Found database version 0, new version is 31, executing database incremental update scripts 
02 Mar 2026 21:51:11,588 INFO com.sismics.util.jpa.DbOpenHelper.executeAllScript(DbOpenHelper.java:142) Executing script: dbupdate-001-0.sql 
02 Mar 2026 21:51:11,617 INFO com.sismics.util.jpa.DbOpenHelper.executeAllScript(DbOpenHelper.java:142) Executing script: dbupdate-002-0.sql 
02 Mar 2026 21:51:11,624 INFO com.sismics.util.jpa.DbOpenHelper.executeAllScript(DbOpenHelper.java:142) Executing script: dbupdate-003-0.sql 
02 Mar 2026 21:51:11,629 INFO com.sismics.util.jpa.DbOpenHelper.executeAllScript(DbOpenHelper.java:142) Executing script: dbupdate-004-0.sql 
02 Mar 2026 21:51:11,643 INFO com.sismics.util.jpa.DbOpenHelper.executeAllScript(DbOpenHelper.java:142) Executing script: dbupdate-005-0.sql 
02 Mar 2026 21:51:11,644 INFO com.sismics.util.jpa.DbOpenHelper.executeAllScript(DbOpenHelper.java:142) Executing script: dbupdate-006-0.sql 
02 Mar 2026 21:51:11,739 INFO com.sismics.util.jpa.DbOpenHelper.executeAllScript(DbOpenHelper.java:142) Executing script: dbupdate-007-0.sql 
02 Mar 2026 21:51:11,742 INFO com.sismics.util.jpa.DbOpenHelper.executeAllScript(DbOpenHelper.java:142) Executing script: dbupdate-008-0.sql 
02 Mar 2026 21:51:11,746 INFO com.sismics.util.jpa.DbOpenHelper.executeAllScript(DbOpenHelper.java:142) Executing script: dbupdate-009-0.sql 
02 Mar 2026 21:51:11,751 INFO com.sismics.util.jpa.DbOpenHelper.executeAllScript(DbOpenHelper.java:142) Executing script: dbupdate-010-0.sql 
02 Mar 2026 21:51:11,755 INFO com.sismics.util.jpa.DbOpenHelper.executeAllScript(DbOpenHelper.java:142) Executing script: dbupdate-011-0.sql 
02 Mar 2026 21:51:11,759 INFO com.sismics.util.jpa.DbOpenHelper.executeAllScript(DbOpenHelper.java:142) Executing script: dbupdate-012-0.sql 
02 Mar 2026 21:51:11,762 INFO com.sismics.util.jpa.DbOpenHelper.executeAllScript(DbOpenHelper.java:142) Executing script: dbupdate-013-0.sql 
02 Mar 2026 21:51:11,763 INFO com.sismics.util.jpa.DbOpenHelper.executeAllScript(DbOpenHelper.java:142) Executing script: dbupdate-014-0.sql 
02 Mar 2026 21:51:11,766 INFO com.sismics.util.jpa.DbOpenHelper.executeAllScript(DbOpenHelper.java:142) Executing script: dbupdate-015-0.sql 
02 Mar 2026 21:51:11,772 INFO com.sismics.util.jpa.DbOpenHelper.executeAllScript(DbOpenHelper.java:142) Executing script: dbupdate-016-0.sql 
02 Mar 2026 21:51:11,773 INFO com.sismics.util.jpa.DbOpenHelper.executeAllScript(DbOpenHelper.java:142) Executing script: dbupdate-017-0.sql 
02 Mar 2026 21:51:11,775 INFO com.sismics.util.jpa.DbOpenHelper.executeAllScript(DbOpenHelper.java:142) Executing script: dbupdate-018-0.sql 
02 Mar 2026 21:51:11,786 INFO com.sismics.util.jpa.DbOpenHelper.executeAllScript(DbOpenHelper.java:142) Executing script: dbupdate-019-0.sql 
02 Mar 2026 21:51:11,787 INFO com.sismics.util.jpa.DbOpenHelper.executeAllScript(DbOpenHelper.java:142) Executing script: dbupdate-020-0.sql 
02 Mar 2026 21:51:11,788 INFO com.sismics.util.jpa.DbOpenHelper.executeAllScript(DbOpenHelper.java:142) Executing script: dbupdate-021-0.sql 
02 Mar 2026 21:51:11,793 INFO com.sismics.util.jpa.DbOpenHelper.executeAllScript(DbOpenHelper.java:142) Executing script: dbupdate-022-0.sql 
02 Mar 2026 21:51:11,798 INFO com.sismics.util.jpa.DbOpenHelper.executeAllScript(DbOpenHelper.java:142) Executing script: dbupdate-023-0.sql 
02 Mar 2026 21:51:11,800 INFO com.sismics.util.jpa.DbOpenHelper.executeAllScript(DbOpenHelper.java:142) Executing script: dbupdate-024-0.sql 
02 Mar 2026 21:51:11,804 INFO com.sismics.util.jpa.DbOpenHelper.executeAllScript(DbOpenHelper.java:142) Executing script: dbupdate-025-0.sql 
02 Mar 2026 21:51:11,805 INFO com.sismics.util.jpa.DbOpenHelper.executeAllScript(DbOpenHelper.java:142) Executing script: dbupdate-026-0.sql 
02 Mar 2026 21:51:11,805 INFO com.sismics.util.jpa.DbOpenHelper.executeAllScript(DbOpenHelper.java:142) Executing script: dbupdate-027-0.sql 
02 Mar 2026 21:51:11,806 INFO com.sismics.util.jpa.DbOpenHelper.executeAllScript(DbOpenHelper.java:142) Executing script: dbupdate-028-0.sql 
02 Mar 2026 21:51:11,807 INFO com.sismics.util.jpa.DbOpenHelper.executeAllScript(DbOpenHelper.java:142) Executing script: dbupdate-029-0.sql 
02 Mar 2026 21:51:11,810 INFO com.sismics.util.jpa.DbOpenHelper.executeAllScript(DbOpenHelper.java:142) Executing script: dbupdate-030-0.sql 
02 Mar 2026 21:51:11,811 INFO com.sismics.util.jpa.DbOpenHelper.executeAllScript(DbOpenHelper.java:142) Executing script: dbupdate-031-0.sql 
02 Mar 2026 21:51:11,812 INFO com.sismics.util.jpa.DbOpenHelper.open(DbOpenHelper.java:108) Database upgrade complete 
02 Mar 2026 21:51:11,812 INFO com.sismics.util.jpa.EMF.getEntityManagerProperties(EMF.java:67) Configuring EntityManager from hibernate.properties 
02 Mar 2026 21:51:13,038 INFO com.sismics.util.ClasspathScanner.findClasses(ClasspathScanner.java:48) Found 1 classes for IndexingHandler 
02 Mar 2026 21:51:13,064 INFO com.sismics.docs.core.util.indexing.LuceneIndexingHandler.initLucene(LuceneIndexingHandler.java:129) Using RAM Lucene storage 
02 Mar 2026 21:51:13,111 INFO com.sismics.docs.core.service.FileService.startUp(FileService.java:39) File service starting up 
02 Mar 2026 21:51:13,113 INFO com.sismics.docs.core.service.InboxService.startUp(InboxService.java:52) Inbox service starting up 
02 Mar 2026 21:51:13,114 INFO com.sismics.docs.core.service.FileSizeService.startUp(FileSizeService.java:30) File size service starting up 
02 Mar 2026 21:51:13,301 INFO com.sismics.docs.core.service.FileSizeService.lambda$runOneIteration$0(FileSizeService.java:50) No more file to process, stopping the service 
02 Mar 2026 21:51:13,302 INFO com.sismics.docs.core.service.FileSizeService.shutDown(FileSizeService.java:35) File size service shutting down 
02 Mar 2026 21:51:29,638 INFO com.sismics.docs.core.service.InboxService.shutDown(InboxService.java:57) Inbox service shutting down 
02 Mar 2026 21:51:29,639 INFO com.sismics.docs.core.service.FileService.shutDown(FileService.java:44) File service shutting down 
02 Mar 2026 22:03:56,057 INFO com.sismics.util.jpa.EMF.getEntityManagerProperties(EMF.java:67) Configuring EntityManager from hibernate.properties 
02 Mar 2026 22:03:56,482 INFO com.sismics.util.jpa.DbOpenHelper.open(DbOpenHelper.java:57) Opening database and executing incremental updates 
02 Mar 2026 22:03:56,483 INFO com.sismics.util.jpa.DbOpenHelper.open(DbOpenHelper.java:83) Unable to get database version: Table T_CONFIG not found 
02 Mar 2026 22:03:56,483 INFO com.sismics.util.jpa.DbOpenHelper.open(DbOpenHelper.java:98) Executing initial schema creation script 
02 Mar 2026 22:03:56,487 INFO com.sismics.util.jpa.DbOpenHelper.executeAllScript(DbOpenHelper.java:142) Executing script: dbupdate-000-0.sql 
02 Mar 2026 22:03:56,546 INFO com.sismics.util.jpa.DbOpenHelper.executeAllScript(DbOpenHelper.java:142) Executing script: dbupdate-000-1.sql 
02 Mar 2026 22:03:56,550 INFO com.sismics.util.jpa.DbOpenHelper.open(DbOpenHelper.java:106) Found database version 0, new version is 31, executing database incremental update scripts 
02 Mar 2026 22:03:56,552 INFO com.sismics.util.jpa.DbOpenHelper.executeAllScript(DbOpenHelper.java:142) Executing script: dbupdate-001-0.sql 
02 Mar 2026 22:03:56,581 INFO com.sismics.util.jpa.DbOpenHelper.executeAllScript(DbOpenHelper.java:142) Executing script: dbupdate-002-0.sql 
02 Mar 2026 22:03:56,588 INFO com.sismics.util.jpa.DbOpenHelper.executeAllScript(DbOpenHelper.java:142) Executing script: dbupdate-003-0.sql 
02 Mar 2026 22:03:56,594 INFO com.sismics.util.jpa.DbOpenHelper.executeAllScript(DbOpenHelper.java:142) Executing script: dbupdate-004-0.sql 
02 Mar 2026 22:03:56,609 INFO com.sismics.util.jpa.DbOpenHelper.executeAllScript(DbOpenHelper.java:142) Executing script: dbupdate-005-0.sql 
02 Mar 2026 22:03:56,610 INFO com.sismics.util.jpa.DbOpenHelper.executeAllScript(DbOpenHelper.java:142) Executing script: dbupdate-006-0.sql 
02 Mar 2026 22:03:56,706 INFO com.sismics.util.jpa.DbOpenHelper.executeAllScript(DbOpenHelper.java:142) Executing script: dbupdate-007-0.sql 
02 Mar 2026 22:03:56,711 INFO com.sismics.util.jpa.DbOpenHelper.executeAllScript(DbOpenHelper.java:142) Executing script: dbupdate-008-0.sql 
02 Mar 2026 22:03:56,713 INFO com.sismics.util.jpa.DbOpenHelper.executeAllScript(DbOpenHelper.java:142) Executing script: dbupdate-009-0.sql 
02 Mar 2026 22:03:56,717 INFO com.sismics.util.jpa.DbOpenHelper.executeAllScript(DbOpenHelper.java:142) Executing script: dbupdate-010-0.sql 
02 Mar 2026 22:03:56,719 INFO com.sismics.util.jpa.DbOpenHelper.executeAllScript(DbOpenHelper.java:142) Executing script: dbupdate-011-0.sql 
02 Mar 2026 22:03:56,723 INFO com.sismics.util.jpa.DbOpenHelper.executeAllScript(DbOpenHelper.java:142) Executing script: dbupdate-012-0.sql 
02 Mar 2026 22:03:56,727 INFO com.sismics.util.jpa.DbOpenHelper.executeAllScript(DbOpenHelper.java:142) Executing script: dbupdate-013-0.sql 
02 Mar 2026 22:03:56,728 INFO com.sismics.util.jpa.DbOpenHelper.executeAllScript(DbOpenHelper.java:142) Executing script: dbupdate-014-0.sql 
02 Mar 2026 22:03:56,731 INFO com.sismics.util.jpa.DbOpenHelper.executeAllScript(DbOpenHelper.java:142) Executing script: dbupdate-015-0.sql 
02 Mar 2026 22:03:56,738 INFO com.sismics.util.jpa.DbOpenHelper.executeAllScript(DbOpenHelper.java:142) Executing script: dbupdate-016-0.sql 
02 Mar 2026 22:03:56,739 INFO com.sismics.util.jpa.DbOpenHelper.executeAllScript(DbOpenHelper.java:142) Executing script: dbupdate-017-0.sql 
02 Mar 2026 22:03:56,740 INFO com.sismics.util.jpa.DbOpenHelper.executeAllScript(DbOpenHelper.java:142) Executing script: dbupdate-018-0.sql 
02 Mar 2026 22:03:56,752 INFO com.sismics.util.jpa.DbOpenHelper.executeAllScript(DbOpenHelper.java:142) Executing script: dbupdate-019-0.sql 
02 Mar 2026 22:03:56,753 INFO com.sismics.util.jpa.DbOpenHelper.executeAllScript(DbOpenHelper.java:142) Executing script: dbupdate-020-0.sql 
02 Mar 2026 22:03:56,754 INFO com.sismics.util.jpa.DbOpenHelper.executeAllScript(DbOpenHelper.java:142) Executing script: dbupdate-021-0.sql 
02 Mar 2026 22:03:56,759 INFO com.sismics.util.jpa.DbOpenHelper.executeAllScript(DbOpenHelper.java:142) Executing script: dbupdate-022-0.sql 
02 Mar 2026 22:03:56,764 INFO com.sismics.util.jpa.DbOpenHelper.executeAllScript(DbOpenHelper.java:142) Executing script: dbupdate-023-0.sql 
02 Mar 2026 22:03:56,767 INFO com.sismics.util.jpa.DbOpenHelper.executeAllScript(DbOpenHelper.java:142) Executing script: dbupdate-024-0.sql 
02 Mar 2026 22:03:56,770 INFO com.sismics.util.jpa.DbOpenHelper.executeAllScript(DbOpenHelper.java:142) Executing script: dbupdate-025-0.sql 
02 Mar 2026 22:03:56,771 INFO com.sismics.util.jpa.DbOpenHelper.executeAllScript(DbOpenHelper.java:142) Executing script: dbupdate-026-0.sql 
02 Mar 2026 22:03:56,771 INFO com.sismics.util.jpa.DbOpenHelper.executeAllScript(DbOpenHelper.java:142) Executing script: dbupdate-027-0.sql 
02 Mar 2026 22:03:56,772 INFO com.sismics.util.jpa.DbOpenHelper.executeAllScript(DbOpenHelper.java:142) Executing script: dbupdate-028-0.sql 
02 Mar 2026 22:03:56,773 INFO com.sismics.util.jpa.DbOpenHelper.executeAllScript(DbOpenHelper.java:142) Executing script: dbupdate-029-0.sql 
02 Mar 2026 22:03:56,776 INFO com.sismics.util.jpa.DbOpenHelper.executeAllScript(DbOpenHelper.java:142) Executing script: dbupdate-030-0.sql 
02 Mar 2026 22:03:56,777 INFO com.sismics.util.jpa.DbOpenHelper.executeAllScript(DbOpenHelper.java:142) Executing script: dbupdate-031-0.sql 
02 Mar 2026 22:03:56,777 INFO com.sismics.util.jpa.DbOpenHelper.open(DbOpenHelper.java:108) Database upgrade complete 
02 Mar 2026 22:03:56,778 INFO com.sismics.util.jpa.EMF.getEntityManagerProperties(EMF.java:67) Configuring EntityManager from hibernate.properties 
02 Mar 2026 22:03:58,209 INFO com.sismics.util.ClasspathScanner.findClasses(ClasspathScanner.java:48) Found 1 classes for IndexingHandler 
02 Mar 2026 22:03:58,241 INFO com.sismics.docs.core.util.indexing.LuceneIndexingHandler.initLucene(LuceneIndexingHandler.java:129) Using RAM Lucene storage 
02 Mar 2026 22:03:58,308 INFO com.sismics.docs.core.service.FileService.startUp(FileService.java:39) File service starting up 
02 Mar 2026 22:03:58,311 INFO com.sismics.docs.core.service.InboxService.startUp(InboxService.java:52) Inbox service starting up 
02 Mar 2026 22:03:58,312 INFO com.sismics.docs.core.service.FileSizeService.startUp(FileSizeService.java:30) File size service starting up 
02 Mar 2026 22:03:58,508 INFO com.sismics.docs.core.service.FileSizeService.lambda$runOneIteration$0(FileSizeService.java:50) No more file to process, stopping the service 
02 Mar 2026 22:03:58,509 INFO com.sismics.docs.core.service.FileSizeService.shutDown(FileSizeService.java:35) File size service shutting down 
02 Mar 2026 22:05:31,203 INFO com.sismics.docs.core.service.InboxService.shutDown(InboxService.java:57) Inbox service shutting down 
02 Mar 2026 22:05:31,204 INFO com.sismics.docs.core.service.FileService.shutDown(FileService.java:44) File service shutting down 
02 Mar 2026 22:11:15,760 INFO com.sismics.util.jpa.EMF.getEntityManagerProperties(EMF.java:67) Configuring EntityManager from hibernate.properties 
02 Mar 2026 22:11:16,184 INFO com.sismics.util.jpa.DbOpenHelper.open(DbOpenHelper.java:57) Opening database and executing incremental updates 
02 Mar 2026 22:11:16,185 INFO com.sismics.util.jpa.DbOpenHelper.open(DbOpenHelper.java:83) Unable to get database version: Table T_CONFIG not found 
02 Mar 2026 22:11:16,185 INFO com.sismics.util.jpa.DbOpenHelper.open(DbOpenHelper.java:98) Executing initial schema creation script 
02 Mar 2026 22:11:16,189 INFO com.sismics.util.jpa.DbOpenHelper.executeAllScript(DbOpenHelper.java:142) Executing script: dbupdate-000-0.sql 
02 Mar 2026 22:11:16,241 INFO com.sismics.util.jpa.DbOpenHelper.executeAllScript(DbOpenHelper.java:142) Executing script: dbupdate-000-1.sql 
02 Mar 2026 22:11:16,245 INFO com.sismics.util.jpa.DbOpenHelper.open(DbOpenHelper.java:106) Found database version 0, new version is 31, executing database incremental update scripts 
02 Mar 2026 22:11:16,246 INFO com.sismics.util.jpa.DbOpenHelper.executeAllScript(DbOpenHelper.java:142) Executing script: dbupdate-001-0.sql 
02 Mar 2026 22:11:16,270 INFO com.sismics.util.jpa.DbOpenHelper.executeAllScript(DbOpenHelper.java:142) Executing script: dbupdate-002-0.sql 
02 Mar 2026 22:11:16,275 INFO com.sismics.util.jpa.DbOpenHelper.executeAllScript(DbOpenHelper.java:142) Executing script: dbupdate-003-0.sql 
02 Mar 2026 22:11:16,278 INFO com.sismics.util.jpa.DbOpenHelper.executeAllScript(DbOpenHelper.java:142) Executing script: dbupdate-004-0.sql 
02 Mar 2026 22:11:16,290 INFO com.sismics.util.jpa.DbOpenHelper.executeAllScript(DbOpenHelper.java:142) Executing script: dbupdate-005-0.sql 
02 Mar 2026 22:11:16,292 INFO com.sismics.util.jpa.DbOpenHelper.executeAllScript(DbOpenHelper.java:142) Executing script: dbupdate-006-0.sql 
02 Mar 2026 22:11:16,387 INFO com.sismics.util.jpa.DbOpenHelper.executeAllScript(DbOpenHelper.java:142) Executing script: dbupdate-007-0.sql 
02 Mar 2026 22:11:16,390 INFO com.sismics.util.jpa.DbOpenHelper.executeAllScript(DbOpenHelper.java:142) Executing script: dbupdate-008-0.sql 
02 Mar 2026 22:11:16,392 INFO com.sismics.util.jpa.DbOpenHelper.executeAllScript(DbOpenHelper.java:142) Executing script: dbupdate-009-0.sql 
02 Mar 2026 22:11:16,395 INFO com.sismics.util.jpa.DbOpenHelper.executeAllScript(DbOpenHelper.java:142) Executing script: dbupdate-010-0.sql 
02 Mar 2026 22:11:16,397 INFO com.sismics.util.jpa.DbOpenHelper.executeAllScript(DbOpenHelper.java:142) Executing script: dbupdate-011-0.sql 
02 Mar 2026 22:11:16,401 INFO com.sismics.util.jpa.DbOpenHelper.executeAllScript(DbOpenHelper.java:142) Executing script: dbupdate-012-0.sql 
02 Mar 2026 22:11:16,404 INFO com.sismics.util.jpa.DbOpenHelper.executeAllScript(DbOpenHelper.java:142) Executing script: dbupdate-013-0.sql 
02 Mar 2026 22:11:16,405 INFO com.sismics.util.jpa.DbOpenHelper.executeAllScript(DbOpenHelper.java:142) Executing script: dbupdate-014-0.sql 
02 Mar 2026 22:11:16,407 INFO com.sismics.util.jpa.DbOpenHelper.executeAllScript(DbOpenHelper.java:142) Executing script: dbupdate-015-0.sql 
02 Mar 2026 22:11:16,414 INFO com.sismics.util.jpa.DbOpenHelper.executeAllScript(DbOpenHelper.java:142) Executing script: dbupdate-016-0.sql 
02 Mar 2026 22:11:16,414 INFO com.sismics.util.jpa.DbOpenHelper.executeAllScript(DbOpenHelper.java:142) Executing script: dbupdate-017-0.sql 
02 Mar 2026 22:11:16,416 INFO com.sismics.util.jpa.DbOpenHelper.executeAllScript(DbOpenHelper.java:142) Executing script: dbupdate-018-0.sql 
02 Mar 2026 22:11:16,426 INFO com.sismics.util.jpa.DbOpenHelper.executeAllScript(DbOpenHelper.java:142) Executing script: dbupdate-019-0.sql 
02 Mar 2026 22:11:16,427 INFO com.sismics.util.jpa.DbOpenHelper.executeAllScript(DbOpenHelper.java:142) Executing script: dbupdate-020-0.sql 
02 Mar 2026 22:11:16,428 INFO com.sismics.util.jpa.DbOpenHelper.executeAllScript(DbOpenHelper.java:142) Executing script: dbupdate-021-0.sql 
02 Mar 2026 22:11:16,432 INFO com.sismics.util.jpa.DbOpenHelper.executeAllScript(DbOpenHelper.java:142) Executing script: dbupdate-022-0.sql 
02 Mar 2026 22:11:16,438 INFO com.sismics.util.jpa.DbOpenHelper.executeAllScript(DbOpenHelper.java:142) Executing script: dbupdate-023-0.sql 
02 Mar 2026 22:11:16,441 INFO com.sismics.util.jpa.DbOpenHelper.executeAllScript(DbOpenHelper.java:142) Executing script: dbupdate-024-0.sql 
02 Mar 2026 22:11:16,444 INFO com.sismics.util.jpa.DbOpenHelper.executeAllScript(DbOpenHelper.java:142) Executing script: dbupdate-025-0.sql 
02 Mar 2026 22:11:16,445 INFO com.sismics.util.jpa.DbOpenHelper.executeAllScript(DbOpenHelper.java:142) Executing script: dbupdate-026-0.sql 
02 Mar 2026 22:11:16,446 INFO com.sismics.util.jpa.DbOpenHelper.executeAllScript(DbOpenHelper.java:142) Executing script: dbupdate-027-0.sql 
02 Mar 2026 22:11:16,447 INFO com.sismics.util.jpa.DbOpenHelper.executeAllScript(DbOpenHelper.java:142) Executing script: dbupdate-028-0.sql 
02 Mar 2026 22:11:16,447 INFO com.sismics.util.jpa.DbOpenHelper.executeAllScript(DbOpenHelper.java:142) Executing script: dbupdate-029-0.sql 
02 Mar 2026 22:11:16,450 INFO com.sismics.util.jpa.DbOpenHelper.executeAllScript(DbOpenHelper.java:142) Executing script: dbupdate-030-0.sql 
02 Mar 2026 22:11:16,451 INFO com.sismics.util.jpa.DbOpenHelper.executeAllScript(DbOpenHelper.java:142) Executing script: dbupdate-031-0.sql 
02 Mar 2026 22:11:16,452 INFO com.sismics.util.jpa.DbOpenHelper.open(DbOpenHelper.java:108) Database upgrade complete 
02 Mar 2026 22:11:16,452 INFO com.sismics.util.jpa.EMF.getEntityManagerProperties(EMF.java:67) Configuring EntityManager from hibernate.properties 
02 Mar 2026 22:11:17,868 INFO com.sismics.util.ClasspathScanner.findClasses(ClasspathScanner.java:48) Found 1 classes for IndexingHandler 
02 Mar 2026 22:11:17,906 INFO com.sismics.docs.core.util.indexing.LuceneIndexingHandler.initLucene(LuceneIndexingHandler.java:129) Using RAM Lucene storage 
02 Mar 2026 22:11:17,977 INFO com.sismics.docs.core.service.FileService.startUp(FileService.java:39) File service starting up 
02 Mar 2026 22:11:17,980 INFO com.sismics.docs.core.service.InboxService.startUp(InboxService.java:52) Inbox service starting up 
02 Mar 2026 22:11:17,981 INFO com.sismics.docs.core.service.FileSizeService.startUp(FileSizeService.java:30) File size service starting up 
02 Mar 2026 22:11:18,182 INFO com.sismics.docs.core.service.FileSizeService.lambda$runOneIteration$0(FileSizeService.java:50) No more file to process, stopping the service 
02 Mar 2026 22:11:18,183 INFO com.sismics.docs.core.service.FileSizeService.shutDown(FileSizeService.java:35) File size service shutting down 
02 Mar 2026 22:11:43,434 INFO com.sismics.docs.core.service.InboxService.shutDown(InboxService.java:57) Inbox service shutting down 
02 Mar 2026 22:11:43,434 INFO com.sismics.docs.core.service.FileService.shutDown(FileService.java:44) File service shutting down 
02 Mar 2026 22:14:27,337 INFO com.sismics.util.jpa.EMF.getEntityManagerProperties(EMF.java:67) Configuring EntityManager from hibernate.properties 
02 Mar 2026 22:14:27,712 INFO com.sismics.util.jpa.DbOpenHelper.open(DbOpenHelper.java:57) Opening database and executing incremental updates 
02 Mar 2026 22:14:27,713 INFO com.sismics.util.jpa.DbOpenHelper.open(DbOpenHelper.java:83) Unable to get database version: Table T_CONFIG not found 
02 Mar 2026 22:14:27,714 INFO com.sismics.util.jpa.DbOpenHelper.open(DbOpenHelper.java:98) Executing initial schema creation script 
02 Mar 2026 22:14:27,717 INFO com.sismics.util.jpa.DbOpenHelper.executeAllScript(DbOpenHelper.java:142) Executing script: dbupdate-000-0.sql 
02 Mar 2026 22:14:27,767 INFO com.sismics.util.jpa.DbOpenHelper.executeAllScript(DbOpenHelper.java:142) Executing script: dbupdate-000-1.sql 
02 Mar 2026 22:14:27,770 INFO com.sismics.util.jpa.DbOpenHelper.open(DbOpenHelper.java:106) Found database version 0, new version is 31, executing database incremental update scripts 
02 Mar 2026 22:14:27,772 INFO com.sismics.util.jpa.DbOpenHelper.executeAllScript(DbOpenHelper.java:142) Executing script: dbupdate-001-0.sql 
02 Mar 2026 22:14:27,802 INFO com.sismics.util.jpa.DbOpenHelper.executeAllScript(DbOpenHelper.java:142) Executing script: dbupdate-002-0.sql 
02 Mar 2026 22:14:27,809 INFO com.sismics.util.jpa.DbOpenHelper.executeAllScript(DbOpenHelper.java:142) Executing script: dbupdate-003-0.sql 
02 Mar 2026 22:14:27,813 INFO com.sismics.util.jpa.DbOpenHelper.executeAllScript(DbOpenHelper.java:142) Executing script: dbupdate-004-0.sql 
02 Mar 2026 22:14:27,824 INFO com.sismics.util.jpa.DbOpenHelper.executeAllScript(DbOpenHelper.java:142) Executing script: dbupdate-005-0.sql 
02 Mar 2026 22:14:27,826 INFO com.sismics.util.jpa.DbOpenHelper.executeAllScript(DbOpenHelper.java:142) Executing script: dbupdate-006-0.sql 
02 Mar 2026 22:14:27,912 INFO com.sismics.util.jpa.DbOpenHelper.executeAllScript(DbOpenHelper.java:142) Executing script: dbupdate-007-0.sql 
02 Mar 2026 22:14:27,915 INFO com.sismics.util.jpa.DbOpenHelper.executeAllScript(DbOpenHelper.java:142) Executing script: dbupdate-008-0.sql 
02 Mar 2026 22:14:27,917 INFO com.sismics.util.jpa.DbOpenHelper.executeAllScript(DbOpenHelper.java:142) Executing script: dbupdate-009-0.sql 
02 Mar 2026 22:14:27,922 INFO com.sismics.util.jpa.DbOpenHelper.executeAllScript(DbOpenHelper.java:142) Executing script: dbupdate-010-0.sql 
02 Mar 2026 22:14:27,923 INFO com.sismics.util.jpa.DbOpenHelper.executeAllScript(DbOpenHelper.java:142) Executing script: dbupdate-011-0.sql 
02 Mar 2026 22:14:27,927 INFO com.sismics.util.jpa.DbOpenHelper.executeAllScript(DbOpenHelper.java:142) Executing script: dbupdate-012-0.sql 
02 Mar 2026 22:14:27,929 INFO com.sismics.util.jpa.DbOpenHelper.executeAllScript(DbOpenHelper.java:142) Executing script: dbupdate-013-0.sql 
02 Mar 2026 22:14:27,930 INFO com.sismics.util.jpa.DbOpenHelper.executeAllScript(DbOpenHelper.java:142) Executing script: dbupdate-014-0.sql 
02 Mar 2026 22:14:27,933 INFO com.sismics.util.jpa.DbOpenHelper.executeAllScript(DbOpenHelper.java:142) Executing script: dbupdate-015-0.sql 
02 Mar 2026 22:14:27,940 INFO com.sismics.util.jpa.DbOpenHelper.executeAllScript(DbOpenHelper.java:142) Executing script: dbupdate-016-0.sql 
02 Mar 2026 22:14:27,941 INFO com.sismics.util.jpa.DbOpenHelper.executeAllScript(DbOpenHelper.java:142) Executing script: dbupdate-017-0.sql 
02 Mar 2026 22:14:27,942 INFO com.sismics.util.jpa.DbOpenHelper.executeAllScript(DbOpenHelper.java:142) Executing script: dbupdate-018-0.sql 
02 Mar 2026 22:14:27,952 INFO com.sismics.util.jpa.DbOpenHelper.executeAllScript(DbOpenHelper.java:142) Executing script: dbupdate-019-0.sql 
02 Mar 2026 22:14:27,953 INFO com.sismics.util.jpa.DbOpenHelper.executeAllScript(DbOpenHelper.java:142) Executing script: dbupdate-020-0.sql 
02 Mar 2026 22:14:27,954 INFO com.sismics.util.jpa.DbOpenHelper.executeAllScript(DbOpenHelper.java:142) Executing script: dbupdate-021-0.sql 
02 Mar 2026 22:14:27,959 INFO com.sismics.util.jpa.DbOpenHelper.executeAllScript(DbOpenHelper.java:142) Executing script: dbupdate-022-0.sql 
02 Mar 2026 22:14:27,964 INFO com.sismics.util.jpa.DbOpenHelper.executeAllScript(DbOpenHelper.java:142) Executing script: dbupdate-023-0.sql 
02 Mar 2026 22:14:27,966 INFO com.sismics.util.jpa.DbOpenHelper.executeAllScript(DbOpenHelper.java:142) Executing script: dbupdate-024-0.sql 
02 Mar 2026 22:14:27,969 INFO com.sismics.util.jpa.DbOpenHelper.executeAllScript(DbOpenHelper.java:142) Executing script: dbupdate-025-0.sql 
02 Mar 2026 22:14:27,970 INFO com.sismics.util.jpa.DbOpenHelper.executeAllScript(DbOpenHelper.java:142) Executing script: dbupdate-026-0.sql 
02 Mar 2026 22:14:27,970 INFO com.sismics.util.jpa.DbOpenHelper.executeAllScript(DbOpenHelper.java:142) Executing script: dbupdate-027-0.sql 
02 Mar 2026 22:14:27,971 INFO com.sismics.util.jpa.DbOpenHelper.executeAllScript(DbOpenHelper.java:142) Executing script: dbupdate-028-0.sql 
02 Mar 2026 22:14:27,972 INFO com.sismics.util.jpa.DbOpenHelper.executeAllScript(DbOpenHelper.java:142) Executing script: dbupdate-029-0.sql 
02 Mar 2026 22:14:27,974 INFO com.sismics.util.jpa.DbOpenHelper.executeAllScript(DbOpenHelper.java:142) Executing script: dbupdate-030-0.sql 
02 Mar 2026 22:14:27,975 INFO com.sismics.util.jpa.DbOpenHelper.executeAllScript(DbOpenHelper.java:142) Executing script: dbupdate-031-0.sql 
02 Mar 2026 22:14:27,975 INFO com.sismics.util.jpa.DbOpenHelper.open(DbOpenHelper.java:108) Database upgrade complete 
02 Mar 2026 22:14:27,976 INFO com.sismics.util.jpa.EMF.getEntityManagerProperties(EMF.java:67) Configuring EntityManager from hibernate.properties 
02 Mar 2026 22:14:29,229 INFO com.sismics.util.ClasspathScanner.findClasses(ClasspathScanner.java:48) Found 1 classes for IndexingHandler 
02 Mar 2026 22:14:29,254 INFO com.sismics.docs.core.util.indexing.LuceneIndexingHandler.initLucene(LuceneIndexingHandler.java:129) Using RAM Lucene storage 
02 Mar 2026 22:14:29,298 INFO com.sismics.docs.core.service.FileService.startUp(FileService.java:39) File service starting up 
02 Mar 2026 22:14:29,300 INFO com.sismics.docs.core.service.InboxService.startUp(InboxService.java:52) Inbox service starting up 
02 Mar 2026 22:14:29,300 INFO com.sismics.docs.core.service.FileSizeService.startUp(FileSizeService.java:30) File size service starting up 
02 Mar 2026 22:14:29,478 INFO com.sismics.docs.core.service.FileSizeService.lambda$runOneIteration$0(FileSizeService.java:50) No more file to process, stopping the service 
02 Mar 2026 22:14:29,478 INFO com.sismics.docs.core.service.FileSizeService.shutDown(FileSizeService.java:35) File size service shutting down 
02 Mar 2026 22:14:53,153 INFO com.sismics.docs.core.service.InboxService.shutDown(InboxService.java:57) Inbox service shutting down 
02 Mar 2026 22:14:53,154 INFO com.sismics.docs.core.service.FileService.shutDown(FileService.java:44) File service shutting down 
02 Mar 2026 22:15:17,210 INFO com.sismics.util.jpa.EMF.getEntityManagerProperties(EMF.java:67) Configuring EntityManager from hibernate.properties 
02 Mar 2026 22:15:17,580 INFO com.sismics.util.jpa.DbOpenHelper.open(DbOpenHelper.java:57) Opening database and executing incremental updates 
02 Mar 2026 22:15:17,581 INFO com.sismics.util.jpa.DbOpenHelper.open(DbOpenHelper.java:83) Unable to get database version: Table T_CONFIG not found 
02 Mar 2026 22:15:17,581 INFO com.sismics.util.jpa.DbOpenHelper.open(DbOpenHelper.java:98) Executing initial schema creation script 
02 Mar 2026 22:15:17,585 INFO com.sismics.util.jpa.DbOpenHelper.executeAllScript(DbOpenHelper.java:142) Executing script: dbupdate-000-0.sql 
02 Mar 2026 22:15:17,633 INFO com.sismics.util.jpa.DbOpenHelper.executeAllScript(DbOpenHelper.java:142) Executing script: dbupdate-000-1.sql 
02 Mar 2026 22:15:17,636 INFO com.sismics.util.jpa.DbOpenHelper.open(DbOpenHelper.java:106) Found database version 0, new version is 31, executing database incremental update scripts 
02 Mar 2026 22:15:17,637 INFO com.sismics.util.jpa.DbOpenHelper.executeAllScript(DbOpenHelper.java:142) Executing script: dbupdate-001-0.sql 
02 Mar 2026 22:15:17,665 INFO com.sismics.util.jpa.DbOpenHelper.executeAllScript(DbOpenHelper.java:142) Executing script: dbupdate-002-0.sql 
02 Mar 2026 22:15:17,671 INFO com.sismics.util.jpa.DbOpenHelper.executeAllScript(DbOpenHelper.java:142) Executing script: dbupdate-003-0.sql 
02 Mar 2026 22:15:17,676 INFO com.sismics.util.jpa.DbOpenHelper.executeAllScript(DbOpenHelper.java:142) Executing script: dbupdate-004-0.sql 
02 Mar 2026 22:15:17,688 INFO com.sismics.util.jpa.DbOpenHelper.executeAllScript(DbOpenHelper.java:142) Executing script: dbupdate-005-0.sql 
02 Mar 2026 22:15:17,690 INFO com.sismics.util.jpa.DbOpenHelper.executeAllScript(DbOpenHelper.java:142) Executing script: dbupdate-006-0.sql 
02 Mar 2026 22:15:17,787 INFO com.sismics.util.jpa.DbOpenHelper.executeAllScript(DbOpenHelper.java:142) Executing script: dbupdate-007-0.sql 
02 Mar 2026 22:15:17,791 INFO com.sismics.util.jpa.DbOpenHelper.executeAllScript(DbOpenHelper.java:142) Executing script: dbupdate-008-0.sql 
02 Mar 2026 22:15:17,793 INFO com.sismics.util.jpa.DbOpenHelper.executeAllScript(DbOpenHelper.java:142) Executing script: dbupdate-009-0.sql 
02 Mar 2026 22:15:17,799 INFO com.sismics.util.jpa.DbOpenHelper.executeAllScript(DbOpenHelper.java:142) Executing script: dbupdate-010-0.sql 
02 Mar 2026 22:15:17,802 INFO com.sismics.util.jpa.DbOpenHelper.executeAllScript(DbOpenHelper.java:142) Executing script: dbupdate-011-0.sql 
02 Mar 2026 22:15:17,807 INFO com.sismics.util.jpa.DbOpenHelper.executeAllScript(DbOpenHelper.java:142) Executing script: dbupdate-012-0.sql 
02 Mar 2026 22:15:17,810 INFO com.sismics.util.jpa.DbOpenHelper.executeAllScript(DbOpenHelper.java:142) Executing script: dbupdate-013-0.sql 
02 Mar 2026 22:15:17,812 INFO com.sismics.util.jpa.DbOpenHelper.executeAllScript(DbOpenHelper.java:142) Executing script: dbupdate-014-0.sql 
02 Mar 2026 22:15:17,815 INFO com.sismics.util.jpa.DbOpenHelper.executeAllScript(DbOpenHelper.java:142) Executing script: dbupdate-015-0.sql 
02 Mar 2026 22:15:17,822 INFO com.sismics.util.jpa.DbOpenHelper.executeAllScript(DbOpenHelper.java:142) Executing script: dbupdate-016-0.sql 
02 Mar 2026 22:15:17,823 INFO com.sismics.util.jpa.DbOpenHelper.executeAllScript(DbOpenHelper.java:142) Executing script: dbupdate-017-0.sql 
02 Mar 2026 22:15:17,824 INFO com.sismics.util.jpa.DbOpenHelper.executeAllScript(DbOpenHelper.java:142) Executing script: dbupdate-018-0.sql 
02 Mar 2026 22:15:17,837 INFO com.sismics.util.jpa.DbOpenHelper.executeAllScript(DbOpenHelper.java:142) Executing script: dbupdate-019-0.sql 
02 Mar 2026 22:15:17,838 INFO com.sismics.util.jpa.DbOpenHelper.executeAllScript(DbOpenHelper.java:142) Executing script: dbupdate-020-0.sql 
02 Mar 2026 22:15:17,839 INFO com.sismics.util.jpa.DbOpenHelper.executeAllScript(DbOpenHelper.java:142) Executing script: dbupdate-021-0.sql 
02 Mar 2026 22:15:17,844 INFO com.sismics.util.jpa.DbOpenHelper.executeAllScript(DbOpenHelper.java:142) Executing script: dbupdate-022-0.sql 
02 Mar 2026 22:15:17,850 INFO com.sismics.util.jpa.DbOpenHelper.executeAllScript(DbOpenHelper.java:142) Executing script: dbupdate-023-0.sql 
02 Mar 2026 22:15:17,853 INFO com.sismics.util.jpa.DbOpenHelper.executeAllScript(DbOpenHelper.java:142) Executing script: dbupdate-024-0.sql 
02 Mar 2026 22:15:17,856 INFO com.sismics.util.jpa.DbOpenHelper.executeAllScript(DbOpenHelper.java:142) Executing script: dbupdate-025-0.sql 
02 Mar 2026 22:15:17,857 INFO com.sismics.util.jpa.DbOpenHelper.executeAllScript(DbOpenHelper.java:142) Executing script: dbupdate-026-0.sql 
02 Mar 2026 22:15:17,857 INFO com.sismics.util.jpa.DbOpenHelper.executeAllScript(DbOpenHelper.java:142) Executing script: dbupdate-027-0.sql 
02 Mar 2026 22:15:17,858 INFO com.sismics.util.jpa.DbOpenHelper.executeAllScript(DbOpenHelper.java:142) Executing script: dbupdate-028-0.sql 
02 Mar 2026 22:15:17,859 INFO com.sismics.util.jpa.DbOpenHelper.executeAllScript(DbOpenHelper.java:142) Executing script: dbupdate-029-0.sql 
02 Mar 2026 22:15:17,862 INFO com.sismics.util.jpa.DbOpenHelper.executeAllScript(DbOpenHelper.java:142) Executing script: dbupdate-030-0.sql 
02 Mar 2026 22:15:17,863 INFO com.sismics.util.jpa.DbOpenHelper.executeAllScript(DbOpenHelper.java:142) Executing script: dbupdate-031-0.sql 
02 Mar 2026 22:15:17,863 INFO com.sismics.util.jpa.DbOpenHelper.open(DbOpenHelper.java:108) Database upgrade complete 
02 Mar 2026 22:15:17,864 INFO com.sismics.util.jpa.EMF.getEntityManagerProperties(EMF.java:67) Configuring EntityManager from hibernate.properties 
02 Mar 2026 22:15:19,157 INFO com.sismics.util.ClasspathScanner.findClasses(ClasspathScanner.java:48) Found 1 classes for IndexingHandler 
02 Mar 2026 22:15:19,185 INFO com.sismics.docs.core.util.indexing.LuceneIndexingHandler.initLucene(LuceneIndexingHandler.java:129) Using RAM Lucene storage 
02 Mar 2026 22:15:19,234 INFO com.sismics.docs.core.service.FileService.startUp(FileService.java:39) File service starting up 
02 Mar 2026 22:15:19,236 INFO com.sismics.docs.core.service.InboxService.startUp(InboxService.java:52) Inbox service starting up 
02 Mar 2026 22:15:19,237 INFO com.sismics.docs.core.service.FileSizeService.startUp(FileSizeService.java:30) File size service starting up 
02 Mar 2026 22:15:19,429 INFO com.sismics.docs.core.service.FileSizeService.lambda$runOneIteration$0(FileSizeService.java:50) No more file to process, stopping the service 
02 Mar 2026 22:15:19,430 INFO com.sismics.docs.core.service.FileSizeService.shutDown(FileSizeService.java:35) File size service shutting down 
02 Mar 2026 22:15:31,305 INFO com.sismics.docs.core.service.InboxService.shutDown(InboxService.java:57) Inbox service shutting down 
02 Mar 2026 22:15:31,305 INFO com.sismics.docs.core.service.FileService.shutDown(FileService.java:44) File service shutting down 
02 Mar 2026 22:24:55,422 INFO com.sismics.util.jpa.EMF.getEntityManagerProperties(EMF.java:67) Configuring EntityManager from hibernate.properties 
02 Mar 2026 22:24:55,765 INFO com.sismics.util.jpa.DbOpenHelper.open(DbOpenHelper.java:57) Opening database and executing incremental updates 
02 Mar 2026 22:24:55,766 INFO com.sismics.util.jpa.DbOpenHelper.open(DbOpenHelper.java:83) Unable to get database version: Table T_CONFIG not found 
02 Mar 2026 22:24:55,767 INFO com.sismics.util.jpa.DbOpenHelper.open(DbOpenHelper.java:98) Executing initial schema creation script 
02 Mar 2026 22:24:55,770 INFO com.sismics.util.jpa.DbOpenHelper.executeAllScript(DbOpenHelper.java:142) Executing script: dbupdate-000-0.sql 
02 Mar 2026 22:24:55,833 INFO com.sismics.util.jpa.DbOpenHelper.executeAllScript(DbOpenHelper.java:142) Executing script: dbupdate-000-1.sql 
02 Mar 2026 22:24:55,837 INFO com.sismics.util.jpa.DbOpenHelper.open(DbOpenHelper.java:106) Found database version 0, new version is 31, executing database incremental update scripts 
02 Mar 2026 22:24:55,840 INFO com.sismics.util.jpa.DbOpenHelper.executeAllScript(DbOpenHelper.java:142) Executing script: dbupdate-001-0.sql 
02 Mar 2026 22:24:55,873 INFO com.sismics.util.jpa.DbOpenHelper.executeAllScript(DbOpenHelper.java:142) Executing script: dbupdate-002-0.sql 
02 Mar 2026 22:24:55,881 INFO com.sismics.util.jpa.DbOpenHelper.executeAllScript(DbOpenHelper.java:142) Executing script: dbupdate-003-0.sql 
02 Mar 2026 22:24:55,888 INFO com.sismics.util.jpa.DbOpenHelper.executeAllScript(DbOpenHelper.java:142) Executing script: dbupdate-004-0.sql 
02 Mar 2026 22:24:55,901 INFO com.sismics.util.jpa.DbOpenHelper.executeAllScript(DbOpenHelper.java:142) Executing script: dbupdate-005-0.sql 
02 Mar 2026 22:24:55,902 INFO com.sismics.util.jpa.DbOpenHelper.executeAllScript(DbOpenHelper.java:142) Executing script: dbupdate-006-0.sql 
02 Mar 2026 22:24:56,005 INFO com.sismics.util.jpa.DbOpenHelper.executeAllScript(DbOpenHelper.java:142) Executing script: dbupdate-007-0.sql 
02 Mar 2026 22:24:56,009 INFO com.sismics.util.jpa.DbOpenHelper.executeAllScript(DbOpenHelper.java:142) Executing script: dbupdate-008-0.sql 
02 Mar 2026 22:24:56,012 INFO com.sismics.util.jpa.DbOpenHelper.executeAllScript(DbOpenHelper.java:142) Executing script: dbupdate-009-0.sql 
02 Mar 2026 22:24:56,017 INFO com.sismics.util.jpa.DbOpenHelper.executeAllScript(DbOpenHelper.java:142) Executing script: dbupdate-010-0.sql 
02 Mar 2026 22:24:56,018 INFO com.sismics.util.jpa.DbOpenHelper.executeAllScript(DbOpenHelper.java:142) Executing script: dbupdate-011-0.sql 
02 Mar 2026 22:24:56,022 INFO com.sismics.util.jpa.DbOpenHelper.executeAllScript(DbOpenHelper.java:142) Executing script: dbupdate-012-0.sql 
02 Mar 2026 22:24:56,025 INFO com.sismics.util.jpa.DbOpenHelper.executeAllScript(DbOpenHelper.java:142) Executing script: dbupdate-013-0.sql 
02 Mar 2026 22:24:56,026 INFO com.sismics.util.jpa.DbOpenHelper.executeAllScript(DbOpenHelper.java:142) Executing script: dbupdate-014-0.sql 
02 Mar 2026 22:24:56,029 INFO com.sismics.util.jpa.DbOpenHelper.executeAllScript(DbOpenHelper.java:142) Executing script: dbupdate-015-0.sql 
02 Mar 2026 22:24:56,036 INFO com.sismics.util.jpa.DbOpenHelper.executeAllScript(DbOpenHelper.java:142) Executing script: dbupdate-016-0.sql 
02 Mar 2026 22:24:56,037 INFO com.sismics.util.jpa.DbOpenHelper.executeAllScript(DbOpenHelper.java:142) Executing script: dbupdate-017-0.sql 
02 Mar 2026 22:24:56,038 INFO com.sismics.util.jpa.DbOpenHelper.executeAllScript(DbOpenHelper.java:142) Executing script: dbupdate-018-0.sql 
02 Mar 2026 22:24:56,050 INFO com.sismics.util.jpa.DbOpenHelper.executeAllScript(DbOpenHelper.java:142) Executing script: dbupdate-019-0.sql 
02 Mar 2026 22:24:56,051 INFO com.sismics.util.jpa.DbOpenHelper.executeAllScript(DbOpenHelper.java:142) Executing script: dbupdate-020-0.sql 
02 Mar 2026 22:24:56,052 INFO com.sismics.util.jpa.DbOpenHelper.executeAllScript(DbOpenHelper.java:142) Executing script: dbupdate-021-0.sql 
02 Mar 2026 22:24:56,056 INFO com.sismics.util.jpa.DbOpenHelper.executeAllScript(DbOpenHelper.java:142) Executing script: dbupdate-022-0.sql 
02 Mar 2026 22:24:56,063 INFO com.sismics.util.jpa.DbOpenHelper.executeAllScript(DbOpenHelper.java:142) Executing script: dbupdate-023-0.sql 
02 Mar 2026 22:24:56,066 INFO com.sismics.util.jpa.DbOpenHelper.executeAllScript(DbOpenHelper.java:142) Executing script: dbupdate-024-0.sql 
02 Mar 2026 22:24:56,069 INFO com.sismics.util.jpa.DbOpenHelper.executeAllScript(DbOpenHelper.java:142) Executing script: dbupdate-025-0.sql 
02 Mar 2026 22:24:56,069 INFO com.sismics.util.jpa.DbOpenHelper.executeAllScript(DbOpenHelper.java:142) Executing script: dbupdate-026-0.sql 
02 Mar 2026 22:24:56,070 INFO com.sismics.util.jpa.DbOpenHelper.executeAllScript(DbOpenHelper.java:142) Executing script: dbupdate-027-0.sql 
02 Mar 2026 22:24:56,071 INFO com.sismics.util.jpa.DbOpenHelper.executeAllScript(DbOpenHelper.java:142) Executing script: dbupdate-028-0.sql 
02 Mar 2026 22:24:56,072 INFO com.sismics.util.jpa.DbOpenHelper.executeAllScript(DbOpenHelper.java:142) Executing script: dbupdate-029-0.sql 
02 Mar 2026 22:24:56,075 INFO com.sismics.util.jpa.DbOpenHelper.executeAllScript(DbOpenHelper.java:142) Executing script: dbupdate-030-0.sql 
02 Mar 2026 22:24:56,076 INFO com.sismics.util.jpa.DbOpenHelper.executeAllScript(DbOpenHelper.java:142) Executing script: dbupdate-031-0.sql 
02 Mar 2026 22:24:56,076 INFO com.sismics.util.jpa.DbOpenHelper.open(DbOpenHelper.java:108) Database upgrade complete 
02 Mar 2026 22:24:56,077 INFO com.sismics.util.jpa.EMF.getEntityManagerProperties(EMF.java:67) Configuring EntityManager from hibernate.properties 
02 Mar 2026 22:24:57,297 INFO com.sismics.util.ClasspathScanner.findClasses(ClasspathScanner.java:48) Found 1 classes for IndexingHandler 
02 Mar 2026 22:24:57,324 INFO com.sismics.docs.core.util.indexing.LuceneIndexingHandler.initLucene(LuceneIndexingHandler.java:129) Using RAM Lucene storage 
02 Mar 2026 22:24:57,369 INFO com.sismics.docs.core.service.FileService.startUp(FileService.java:39) File service starting up 
02 Mar 2026 22:24:57,372 INFO com.sismics.docs.core.service.InboxService.startUp(InboxService.java:52) Inbox service starting up 
02 Mar 2026 22:24:57,372 INFO com.sismics.docs.core.service.FileSizeService.startUp(FileSizeService.java:30) File size service starting up 
02 Mar 2026 22:24:57,559 INFO com.sismics.docs.core.service.FileSizeService.lambda$runOneIteration$0(FileSizeService.java:50) No more file to process, stopping the service 
02 Mar 2026 22:24:57,560 INFO com.sismics.docs.core.service.FileSizeService.shutDown(FileSizeService.java:35) File size service shutting down 
02 Mar 2026 22:25:53,362 INFO com.sismics.docs.core.service.InboxService.shutDown(InboxService.java:57) Inbox service shutting down 
02 Mar 2026 22:25:53,363 INFO com.sismics.docs.core.service.FileService.shutDown(FileService.java:44) File service shutting down 
02 Mar 2026 22:27:20,669 INFO com.sismics.util.jpa.EMF.getEntityManagerProperties(EMF.java:67) Configuring EntityManager from hibernate.properties 
02 Mar 2026 22:27:21,038 INFO com.sismics.util.jpa.DbOpenHelper.open(DbOpenHelper.java:57) Opening database and executing incremental updates 
02 Mar 2026 22:27:21,039 INFO com.sismics.util.jpa.DbOpenHelper.open(DbOpenHelper.java:83) Unable to get database version: Table T_CONFIG not found 
02 Mar 2026 22:27:21,040 INFO com.sismics.util.jpa.DbOpenHelper.open(DbOpenHelper.java:98) Executing initial schema creation script 
02 Mar 2026 22:27:21,043 INFO com.sismics.util.jpa.DbOpenHelper.executeAllScript(DbOpenHelper.java:142) Executing script: dbupdate-000-0.sql 
02 Mar 2026 22:27:21,100 INFO com.sismics.util.jpa.DbOpenHelper.executeAllScript(DbOpenHelper.java:142) Executing script: dbupdate-000-1.sql 
02 Mar 2026 22:27:21,104 INFO com.sismics.util.jpa.DbOpenHelper.open(DbOpenHelper.java:106) Found database version 0, new version is 31, executing database incremental update scripts 
02 Mar 2026 22:27:21,106 INFO com.sismics.util.jpa.DbOpenHelper.executeAllScript(DbOpenHelper.java:142) Executing script: dbupdate-001-0.sql 
02 Mar 2026 22:27:21,135 INFO com.sismics.util.jpa.DbOpenHelper.executeAllScript(DbOpenHelper.java:142) Executing script: dbupdate-002-0.sql 
02 Mar 2026 22:27:21,143 INFO com.sismics.util.jpa.DbOpenHelper.executeAllScript(DbOpenHelper.java:142) Executing script: dbupdate-003-0.sql 
02 Mar 2026 22:27:21,149 INFO com.sismics.util.jpa.DbOpenHelper.executeAllScript(DbOpenHelper.java:142) Executing script: dbupdate-004-0.sql 
02 Mar 2026 22:27:21,162 INFO com.sismics.util.jpa.DbOpenHelper.executeAllScript(DbOpenHelper.java:142) Executing script: dbupdate-005-0.sql 
02 Mar 2026 22:27:21,164 INFO com.sismics.util.jpa.DbOpenHelper.executeAllScript(DbOpenHelper.java:142) Executing script: dbupdate-006-0.sql 
02 Mar 2026 22:27:21,264 INFO com.sismics.util.jpa.DbOpenHelper.executeAllScript(DbOpenHelper.java:142) Executing script: dbupdate-007-0.sql 
02 Mar 2026 22:27:21,267 INFO com.sismics.util.jpa.DbOpenHelper.executeAllScript(DbOpenHelper.java:142) Executing script: dbupdate-008-0.sql 
02 Mar 2026 22:27:21,269 INFO com.sismics.util.jpa.DbOpenHelper.executeAllScript(DbOpenHelper.java:142) Executing script: dbupdate-009-0.sql 
02 Mar 2026 22:27:21,274 INFO com.sismics.util.jpa.DbOpenHelper.executeAllScript(DbOpenHelper.java:142) Executing script: dbupdate-010-0.sql 
02 Mar 2026 22:27:21,275 INFO com.sismics.util.jpa.DbOpenHelper.executeAllScript(DbOpenHelper.java:142) Executing script: dbupdate-011-0.sql 
02 Mar 2026 22:27:21,280 INFO com.sismics.util.jpa.DbOpenHelper.executeAllScript(DbOpenHelper.java:142) Executing script: dbupdate-012-0.sql 
02 Mar 2026 22:27:21,283 INFO com.sismics.util.jpa.DbOpenHelper.executeAllScript(DbOpenHelper.java:142) Executing script: dbupdate-013-0.sql 
02 Mar 2026 22:27:21,284 INFO com.sismics.util.jpa.DbOpenHelper.executeAllScript(DbOpenHelper.java:142) Executing script: dbupdate-014-0.sql 
02 Mar 2026 22:27:21,287 INFO com.sismics.util.jpa.DbOpenHelper.executeAllScript(DbOpenHelper.java:142) Executing script: dbupdate-015-0.sql 
02 Mar 2026 22:27:21,297 INFO com.sismics.util.jpa.DbOpenHelper.executeAllScript(DbOpenHelper.java:142) Executing script: dbupdate-016-0.sql 
02 Mar 2026 22:27:21,298 INFO com.sismics.util.jpa.DbOpenHelper.executeAllScript(DbOpenHelper.java:142) Executing script: dbupdate-017-0.sql 
02 Mar 2026 22:27:21,299 INFO com.sismics.util.jpa.DbOpenHelper.executeAllScript(DbOpenHelper.java:142) Executing script: dbupdate-018-0.sql 
02 Mar 2026 22:27:21,313 INFO com.sismics.util.jpa.DbOpenHelper.executeAllScript(DbOpenHelper.java:142) Executing script: dbupdate-019-0.sql 
02 Mar 2026 22:27:21,315 INFO com.sismics.util.jpa.DbOpenHelper.executeAllScript(DbOpenHelper.java:142) Executing script: dbupdate-020-0.sql 
02 Mar 2026 22:27:21,316 INFO com.sismics.util.jpa.DbOpenHelper.executeAllScript(DbOpenHelper.java:142) Executing script: dbupdate-021-0.sql 
02 Mar 2026 22:27:21,321 INFO com.sismics.util.jpa.DbOpenHelper.executeAllScript(DbOpenHelper.java:142) Executing script: dbupdate-022-0.sql 
02 Mar 2026 22:27:21,327 INFO com.sismics.util.jpa.DbOpenHelper.executeAllScript(DbOpenHelper.java:142) Executing script: dbupdate-023-0.sql 
02 Mar 2026 22:27:21,329 INFO com.sismics.util.jpa.DbOpenHelper.executeAllScript(DbOpenHelper.java:142) Executing script: dbupdate-024-0.sql 
02 Mar 2026 22:27:21,333 INFO com.sismics.util.jpa.DbOpenHelper.executeAllScript(DbOpenHelper.java:142) Executing script: dbupdate-025-0.sql 
02 Mar 2026 22:27:21,334 INFO com.sismics.util.jpa.DbOpenHelper.executeAllScript(DbOpenHelper.java:142) Executing script: dbupdate-026-0.sql 
02 Mar 2026 22:27:21,334 INFO com.sismics.util.jpa.DbOpenHelper.executeAllScript(DbOpenHelper.java:142) Executing script: dbupdate-027-0.sql 
02 Mar 2026 22:27:21,335 INFO com.sismics.util.jpa.DbOpenHelper.executeAllScript(DbOpenHelper.java:142) Executing script: dbupdate-028-0.sql 
02 Mar 2026 22:27:21,336 INFO com.sismics.util.jpa.DbOpenHelper.executeAllScript(DbOpenHelper.java:142) Executing script: dbupdate-029-0.sql 
02 Mar 2026 22:27:21,339 INFO com.sismics.util.jpa.DbOpenHelper.executeAllScript(DbOpenHelper.java:142) Executing script: dbupdate-030-0.sql 
02 Mar 2026 22:27:21,340 INFO com.sismics.util.jpa.DbOpenHelper.executeAllScript(DbOpenHelper.java:142) Executing script: dbupdate-031-0.sql 
02 Mar 2026 22:27:21,341 INFO com.sismics.util.jpa.DbOpenHelper.open(DbOpenHelper.java:108) Database upgrade complete 
02 Mar 2026 22:27:21,341 INFO com.sismics.util.jpa.EMF.getEntityManagerProperties(EMF.java:67) Configuring EntityManager from hibernate.properties 
02 Mar 2026 22:27:22,677 INFO com.sismics.util.ClasspathScanner.findClasses(ClasspathScanner.java:48) Found 1 classes for IndexingHandler 
02 Mar 2026 22:27:22,703 INFO com.sismics.docs.core.util.indexing.LuceneIndexingHandler.initLucene(LuceneIndexingHandler.java:129) Using RAM Lucene storage 
02 Mar 2026 22:27:22,750 INFO com.sismics.docs.core.service.FileService.startUp(FileService.java:39) File service starting up 
02 Mar 2026 22:27:22,752 INFO com.sismics.docs.core.service.InboxService.startUp(InboxService.java:52) Inbox service starting up 
02 Mar 2026 22:27:22,753 INFO com.sismics.docs.core.service.FileSizeService.startUp(FileSizeService.java:30) File size service starting up 
02 Mar 2026 22:27:22,944 INFO com.sismics.docs.core.service.FileSizeService.lambda$runOneIteration$0(FileSizeService.java:50) No more file to process, stopping the service 
02 Mar 2026 22:27:22,944 INFO com.sismics.docs.core.service.FileSizeService.shutDown(FileSizeService.java:35) File size service shutting down 
02 Mar 2026 22:28:09,410 INFO com.sismics.docs.core.service.InboxService.shutDown(InboxService.java:57) Inbox service shutting down 
02 Mar 2026 22:28:09,410 INFO com.sismics.docs.core.service.FileService.shutDown(FileService.java:44) File service shutting down 
02 Mar 2026 22:28:38,217 INFO com.sismics.util.jpa.EMF.getEntityManagerProperties(EMF.java:67) Configuring EntityManager from hibernate.properties 
02 Mar 2026 22:28:38,600 INFO com.sismics.util.jpa.DbOpenHelper.open(DbOpenHelper.java:57) Opening database and executing incremental updates 
02 Mar 2026 22:28:38,601 INFO com.sismics.util.jpa.DbOpenHelper.open(DbOpenHelper.java:83) Unable to get database version: Table T_CONFIG not found 
02 Mar 2026 22:28:38,601 INFO com.sismics.util.jpa.DbOpenHelper.open(DbOpenHelper.java:98) Executing initial schema creation script 
02 Mar 2026 22:28:38,604 INFO com.sismics.util.jpa.DbOpenHelper.executeAllScript(DbOpenHelper.java:142) Executing script: dbupdate-000-0.sql 
02 Mar 2026 22:28:38,658 INFO com.sismics.util.jpa.DbOpenHelper.executeAllScript(DbOpenHelper.java:142) Executing script: dbupdate-000-1.sql 
02 Mar 2026 22:28:38,662 INFO com.sismics.util.jpa.DbOpenHelper.open(DbOpenHelper.java:106) Found database version 0, new version is 31, executing database incremental update scripts 
02 Mar 2026 22:28:38,665 INFO com.sismics.util.jpa.DbOpenHelper.executeAllScript(DbOpenHelper.java:142) Executing script: dbupdate-001-0.sql 
02 Mar 2026 22:28:38,693 INFO com.sismics.util.jpa.DbOpenHelper.executeAllScript(DbOpenHelper.java:142) Executing script: dbupdate-002-0.sql 
02 Mar 2026 22:28:38,700 INFO com.sismics.util.jpa.DbOpenHelper.executeAllScript(DbOpenHelper.java:142) Executing script: dbupdate-003-0.sql 
02 Mar 2026 22:28:38,705 INFO com.sismics.util.jpa.DbOpenHelper.executeAllScript(DbOpenHelper.java:142) Executing script: dbupdate-004-0.sql 
02 Mar 2026 22:28:38,719 INFO com.sismics.util.jpa.DbOpenHelper.executeAllScript(DbOpenHelper.java:142) Executing script: dbupdate-005-0.sql 
02 Mar 2026 22:28:38,721 INFO com.sismics.util.jpa.DbOpenHelper.executeAllScript(DbOpenHelper.java:142) Executing script: dbupdate-006-0.sql 
02 Mar 2026 22:28:38,820 INFO com.sismics.util.jpa.DbOpenHelper.executeAllScript(DbOpenHelper.java:142) Executing script: dbupdate-007-0.sql 
02 Mar 2026 22:28:38,822 INFO com.sismics.util.jpa.DbOpenHelper.executeAllScript(DbOpenHelper.java:142) Executing script: dbupdate-008-0.sql 
02 Mar 2026 22:28:38,824 INFO com.sismics.util.jpa.DbOpenHelper.executeAllScript(DbOpenHelper.java:142) Executing script: dbupdate-009-0.sql 
02 Mar 2026 22:28:38,828 INFO com.sismics.util.jpa.DbOpenHelper.executeAllScript(DbOpenHelper.java:142) Executing script: dbupdate-010-0.sql 
02 Mar 2026 22:28:38,830 INFO com.sismics.util.jpa.DbOpenHelper.executeAllScript(DbOpenHelper.java:142) Executing script: dbupdate-011-0.sql 
02 Mar 2026 22:28:38,834 INFO com.sismics.util.jpa.DbOpenHelper.executeAllScript(DbOpenHelper.java:142) Executing script: dbupdate-012-0.sql 
02 Mar 2026 22:28:38,837 INFO com.sismics.util.jpa.DbOpenHelper.executeAllScript(DbOpenHelper.java:142) Executing script: dbupdate-013-0.sql 
02 Mar 2026 22:28:38,838 INFO com.sismics.util.jpa.DbOpenHelper.executeAllScript(DbOpenHelper.java:142) Executing script: dbupdate-014-0.sql 
02 Mar 2026 22:28:38,841 INFO com.sismics.util.jpa.DbOpenHelper.executeAllScript(DbOpenHelper.java:142) Executing script: dbupdate-015-0.sql 
02 Mar 2026 22:28:38,847 INFO com.sismics.util.jpa.DbOpenHelper.executeAllScript(DbOpenHelper.java:142) Executing script: dbupdate-016-0.sql 
02 Mar 2026 22:28:38,848 INFO com.sismics.util.jpa.DbOpenHelper.executeAllScript(DbOpenHelper.java:142) Executing script: dbupdate-017-0.sql 
02 Mar 2026 22:28:38,849 INFO com.sismics.util.jpa.DbOpenHelper.executeAllScript(DbOpenHelper.java:142) Executing script: dbupdate-018-0.sql 
02 Mar 2026 22:28:38,860 INFO com.sismics.util.jpa.DbOpenHelper.executeAllScript(DbOpenHelper.java:142) Executing script: dbupdate-019-0.sql 
02 Mar 2026 22:28:38,861 INFO com.sismics.util.jpa.DbOpenHelper.executeAllScript(DbOpenHelper.java:142) Executing script: dbupdate-020-0.sql 
02 Mar 2026 22:28:38,862 INFO com.sismics.util.jpa.DbOpenHelper.executeAllScript(DbOpenHelper.java:142) Executing script: dbupdate-021-0.sql 
02 Mar 2026 22:28:38,866 INFO com.sismics.util.jpa.DbOpenHelper.executeAllScript(DbOpenHelper.java:142) Executing script: dbupdate-022-0.sql 
02 Mar 2026 22:28:38,872 INFO com.sismics.util.jpa.DbOpenHelper.executeAllScript(DbOpenHelper.java:142) Executing script: dbupdate-023-0.sql 
02 Mar 2026 22:28:38,875 INFO com.sismics.util.jpa.DbOpenHelper.executeAllScript(DbOpenHelper.java:142) Executing script: dbupdate-024-0.sql 
02 Mar 2026 22:28:38,878 INFO com.sismics.util.jpa.DbOpenHelper.executeAllScript(DbOpenHelper.java:142) Executing script: dbupdate-025-0.sql 
02 Mar 2026 22:28:38,879 INFO com.sismics.util.jpa.DbOpenHelper.executeAllScript(DbOpenHelper.java:142) Executing script: dbupdate-026-0.sql 
02 Mar 2026 22:28:38,879 INFO com.sismics.util.jpa.DbOpenHelper.executeAllScript(DbOpenHelper.java:142) Executing script: dbupdate-027-0.sql 
02 Mar 2026 22:28:38,880 INFO com.sismics.util.jpa.DbOpenHelper.executeAllScript(DbOpenHelper.java:142) Executing script: dbupdate-028-0.sql 
02 Mar 2026 22:28:38,881 INFO com.sismics.util.jpa.DbOpenHelper.executeAllScript(DbOpenHelper.java:142) Executing script: dbupdate-029-0.sql 
02 Mar 2026 22:28:38,883 INFO com.sismics.util.jpa.DbOpenHelper.executeAllScript(DbOpenHelper.java:142) Executing script: dbupdate-030-0.sql 
02 Mar 2026 22:28:38,884 INFO com.sismics.util.jpa.DbOpenHelper.executeAllScript(DbOpenHelper.java:142) Executing script: dbupdate-031-0.sql 
02 Mar 2026 22:28:38,885 INFO com.sismics.util.jpa.DbOpenHelper.open(DbOpenHelper.java:108) Database upgrade complete 
02 Mar 2026 22:28:38,885 INFO com.sismics.util.jpa.EMF.getEntityManagerProperties(EMF.java:67) Configuring EntityManager from hibernate.properties 
02 Mar 2026 22:28:40,133 INFO com.sismics.util.ClasspathScanner.findClasses(ClasspathScanner.java:48) Found 1 classes for IndexingHandler 
02 Mar 2026 22:28:40,161 INFO com.sismics.docs.core.util.indexing.LuceneIndexingHandler.initLucene(LuceneIndexingHandler.java:129) Using RAM Lucene storage 
02 Mar 2026 22:28:40,208 INFO com.sismics.docs.core.service.FileService.startUp(FileService.java:39) File service starting up 
02 Mar 2026 22:28:40,211 INFO com.sismics.docs.core.service.InboxService.startUp(InboxService.java:52) Inbox service starting up 
02 Mar 2026 22:28:40,211 INFO com.sismics.docs.core.service.FileSizeService.startUp(FileSizeService.java:30) File size service starting up 
02 Mar 2026 22:28:40,396 INFO com.sismics.docs.core.service.FileSizeService.lambda$runOneIteration$0(FileSizeService.java:50) No more file to process, stopping the service 
02 Mar 2026 22:28:40,397 INFO com.sismics.docs.core.service.FileSizeService.shutDown(FileSizeService.java:35) File size service shutting down 
02 Mar 2026 22:28:56,803 INFO com.sismics.docs.core.service.InboxService.shutDown(InboxService.java:57) Inbox service shutting down 
02 Mar 2026 22:28:56,804 INFO com.sismics.docs.core.service.FileService.shutDown(FileService.java:44) File service shutting down 
02 Mar 2026 22:34:29,515 INFO com.sismics.util.jpa.EMF.getEntityManagerProperties(EMF.java:67) Configuring EntityManager from hibernate.properties 
02 Mar 2026 22:34:29,885 INFO com.sismics.util.jpa.DbOpenHelper.open(DbOpenHelper.java:57) Opening database and executing incremental updates 
02 Mar 2026 22:34:29,886 INFO com.sismics.util.jpa.DbOpenHelper.open(DbOpenHelper.java:83) Unable to get database version: Table T_CONFIG not found 
02 Mar 2026 22:34:29,886 INFO com.sismics.util.jpa.DbOpenHelper.open(DbOpenHelper.java:98) Executing initial schema creation script 
02 Mar 2026 22:34:29,890 INFO com.sismics.util.jpa.DbOpenHelper.executeAllScript(DbOpenHelper.java:142) Executing script: dbupdate-000-0.sql 
02 Mar 2026 22:34:29,951 INFO com.sismics.util.jpa.DbOpenHelper.executeAllScript(DbOpenHelper.java:142) Executing script: dbupdate-000-1.sql 
02 Mar 2026 22:34:29,954 INFO com.sismics.util.jpa.DbOpenHelper.open(DbOpenHelper.java:106) Found database version 0, new version is 31, executing database incremental update scripts 
02 Mar 2026 22:34:29,956 INFO com.sismics.util.jpa.DbOpenHelper.executeAllScript(DbOpenHelper.java:142) Executing script: dbupdate-001-0.sql 
02 Mar 2026 22:34:29,985 INFO com.sismics.util.jpa.DbOpenHelper.executeAllScript(DbOpenHelper.java:142) Executing script: dbupdate-002-0.sql 
02 Mar 2026 22:34:29,993 INFO com.sismics.util.jpa.DbOpenHelper.executeAllScript(DbOpenHelper.java:142) Executing script: dbupdate-003-0.sql 
02 Mar 2026 22:34:29,997 INFO com.sismics.util.jpa.DbOpenHelper.executeAllScript(DbOpenHelper.java:142) Executing script: dbupdate-004-0.sql 
02 Mar 2026 22:34:30,012 INFO com.sismics.util.jpa.DbOpenHelper.executeAllScript(DbOpenHelper.java:142) Executing script: dbupdate-005-0.sql 
02 Mar 2026 22:34:30,014 INFO com.sismics.util.jpa.DbOpenHelper.executeAllScript(DbOpenHelper.java:142) Executing script: dbupdate-006-0.sql 
02 Mar 2026 22:34:30,112 INFO com.sismics.util.jpa.DbOpenHelper.executeAllScript(DbOpenHelper.java:142) Executing script: dbupdate-007-0.sql 
02 Mar 2026 22:34:30,116 INFO com.sismics.util.jpa.DbOpenHelper.executeAllScript(DbOpenHelper.java:142) Executing script: dbupdate-008-0.sql 
02 Mar 2026 22:34:30,118 INFO com.sismics.util.jpa.DbOpenHelper.executeAllScript(DbOpenHelper.java:142) Executing script: dbupdate-009-0.sql 
02 Mar 2026 22:34:30,122 INFO com.sismics.util.jpa.DbOpenHelper.executeAllScript(DbOpenHelper.java:142) Executing script: dbupdate-010-0.sql 
02 Mar 2026 22:34:30,125 INFO com.sismics.util.jpa.DbOpenHelper.executeAllScript(DbOpenHelper.java:142) Executing script: dbupdate-011-0.sql 
02 Mar 2026 22:34:30,130 INFO com.sismics.util.jpa.DbOpenHelper.executeAllScript(DbOpenHelper.java:142) Executing script: dbupdate-012-0.sql 
02 Mar 2026 22:34:30,134 INFO com.sismics.util.jpa.DbOpenHelper.executeAllScript(DbOpenHelper.java:142) Executing script: dbupdate-013-0.sql 
02 Mar 2026 22:34:30,135 INFO com.sismics.util.jpa.DbOpenHelper.executeAllScript(DbOpenHelper.java:142) Executing script: dbupdate-014-0.sql 
02 Mar 2026 22:34:30,138 INFO com.sismics.util.jpa.DbOpenHelper.executeAllScript(DbOpenHelper.java:142) Executing script: dbupdate-015-0.sql 
02 Mar 2026 22:34:30,145 INFO com.sismics.util.jpa.DbOpenHelper.executeAllScript(DbOpenHelper.java:142) Executing script: dbupdate-016-0.sql 
02 Mar 2026 22:34:30,146 INFO com.sismics.util.jpa.DbOpenHelper.executeAllScript(DbOpenHelper.java:142) Executing script: dbupdate-017-0.sql 
02 Mar 2026 22:34:30,147 INFO com.sismics.util.jpa.DbOpenHelper.executeAllScript(DbOpenHelper.java:142) Executing script: dbupdate-018-0.sql 
02 Mar 2026 22:34:30,158 INFO com.sismics.util.jpa.DbOpenHelper.executeAllScript(DbOpenHelper.java:142) Executing script: dbupdate-019-0.sql 
02 Mar 2026 22:34:30,159 INFO com.sismics.util.jpa.DbOpenHelper.executeAllScript(DbOpenHelper.java:142) Executing script: dbupdate-020-0.sql 
02 Mar 2026 22:34:30,160 INFO com.sismics.util.jpa.DbOpenHelper.executeAllScript(DbOpenHelper.java:142) Executing script: dbupdate-021-0.sql 
02 Mar 2026 22:34:30,165 INFO com.sismics.util.jpa.DbOpenHelper.executeAllScript(DbOpenHelper.java:142) Executing script: dbupdate-022-0.sql 
02 Mar 2026 22:34:30,170 INFO com.sismics.util.jpa.DbOpenHelper.executeAllScript(DbOpenHelper.java:142) Executing script: dbupdate-023-0.sql 
02 Mar 2026 22:34:30,174 INFO com.sismics.util.jpa.DbOpenHelper.executeAllScript(DbOpenHelper.java:142) Executing script: dbupdate-024-0.sql 
02 Mar 2026 22:34:30,177 INFO com.sismics.util.jpa.DbOpenHelper.executeAllScript(DbOpenHelper.java:142) Executing script: dbupdate-025-0.sql 
02 Mar 2026 22:34:30,178 INFO com.sismics.util.jpa.DbOpenHelper.executeAllScript(DbOpenHelper.java:142) Executing script: dbupdate-026-0.sql 
02 Mar 2026 22:34:30,178 INFO com.sismics.util.jpa.DbOpenHelper.executeAllScript(DbOpenHelper.java:142) Executing script: dbupdate-027-0.sql 
02 Mar 2026 22:34:30,179 INFO com.sismics.util.jpa.DbOpenHelper.executeAllScript(DbOpenHelper.java:142) Executing script: dbupdate-028-0.sql 
02 Mar 2026 22:34:30,181 INFO com.sismics.util.jpa.DbOpenHelper.executeAllScript(DbOpenHelper.java:142) Executing script: dbupdate-029-0.sql 
02 Mar 2026 22:34:30,184 INFO com.sismics.util.jpa.DbOpenHelper.executeAllScript(DbOpenHelper.java:142) Executing script: dbupdate-030-0.sql 
02 Mar 2026 22:34:30,185 INFO com.sismics.util.jpa.DbOpenHelper.executeAllScript(DbOpenHelper.java:142) Executing script: dbupdate-031-0.sql 
02 Mar 2026 22:34:30,186 INFO com.sismics.util.jpa.DbOpenHelper.open(DbOpenHelper.java:108) Database upgrade complete 
02 Mar 2026 22:34:30,186 INFO com.sismics.util.jpa.EMF.getEntityManagerProperties(EMF.java:67) Configuring EntityManager from hibernate.properties 
02 Mar 2026 22:34:31,457 INFO com.sismics.util.ClasspathScanner.findClasses(ClasspathScanner.java:48) Found 1 classes for IndexingHandler 
02 Mar 2026 22:34:31,485 INFO com.sismics.docs.core.util.indexing.LuceneIndexingHandler.initLucene(LuceneIndexingHandler.java:129) Using RAM Lucene storage 
02 Mar 2026 22:34:31,534 INFO com.sismics.docs.core.service.FileService.startUp(FileService.java:39) File service starting up 
02 Mar 2026 22:34:31,536 INFO com.sismics.docs.core.service.InboxService.startUp(InboxService.java:52) Inbox service starting up 
02 Mar 2026 22:34:31,537 INFO com.sismics.docs.core.service.FileSizeService.startUp(FileSizeService.java:30) File size service starting up 
02 Mar 2026 22:34:31,734 INFO com.sismics.docs.core.service.FileSizeService.lambda$runOneIteration$0(FileSizeService.java:50) No more file to process, stopping the service 
02 Mar 2026 22:34:31,735 INFO com.sismics.docs.core.service.FileSizeService.shutDown(FileSizeService.java:35) File size service shutting down 
02 Mar 2026 22:35:02,331 INFO com.sismics.docs.core.service.InboxService.shutDown(InboxService.java:57) Inbox service shutting down 
02 Mar 2026 22:35:02,332 INFO com.sismics.docs.core.service.FileService.shutDown(FileService.java:44) File service shutting down 
02 Mar 2026 22:35:26,309 INFO com.sismics.util.jpa.EMF.getEntityManagerProperties(EMF.java:67) Configuring EntityManager from hibernate.properties 
02 Mar 2026 22:35:26,672 INFO com.sismics.util.jpa.DbOpenHelper.open(DbOpenHelper.java:57) Opening database and executing incremental updates 
02 Mar 2026 22:35:26,673 INFO com.sismics.util.jpa.DbOpenHelper.open(DbOpenHelper.java:83) Unable to get database version: Table T_CONFIG not found 
02 Mar 2026 22:35:26,673 INFO com.sismics.util.jpa.DbOpenHelper.open(DbOpenHelper.java:98) Executing initial schema creation script 
02 Mar 2026 22:35:26,676 INFO com.sismics.util.jpa.DbOpenHelper.executeAllScript(DbOpenHelper.java:142) Executing script: dbupdate-000-0.sql 
02 Mar 2026 22:35:26,733 INFO com.sismics.util.jpa.DbOpenHelper.executeAllScript(DbOpenHelper.java:142) Executing script: dbupdate-000-1.sql 
02 Mar 2026 22:35:26,736 INFO com.sismics.util.jpa.DbOpenHelper.open(DbOpenHelper.java:106) Found database version 0, new version is 31, executing database incremental update scripts 
02 Mar 2026 22:35:26,738 INFO com.sismics.util.jpa.DbOpenHelper.executeAllScript(DbOpenHelper.java:142) Executing script: dbupdate-001-0.sql 
02 Mar 2026 22:35:26,768 INFO com.sismics.util.jpa.DbOpenHelper.executeAllScript(DbOpenHelper.java:142) Executing script: dbupdate-002-0.sql 
02 Mar 2026 22:35:26,773 INFO com.sismics.util.jpa.DbOpenHelper.executeAllScript(DbOpenHelper.java:142) Executing script: dbupdate-003-0.sql 
02 Mar 2026 22:35:26,778 INFO com.sismics.util.jpa.DbOpenHelper.executeAllScript(DbOpenHelper.java:142) Executing script: dbupdate-004-0.sql 
02 Mar 2026 22:35:26,798 INFO com.sismics.util.jpa.DbOpenHelper.executeAllScript(DbOpenHelper.java:142) Executing script: dbupdate-005-0.sql 
02 Mar 2026 22:35:26,801 INFO com.sismics.util.jpa.DbOpenHelper.executeAllScript(DbOpenHelper.java:142) Executing script: dbupdate-006-0.sql 
02 Mar 2026 22:35:26,915 INFO com.sismics.util.jpa.DbOpenHelper.executeAllScript(DbOpenHelper.java:142) Executing script: dbupdate-007-0.sql 
02 Mar 2026 22:35:26,917 INFO com.sismics.util.jpa.DbOpenHelper.executeAllScript(DbOpenHelper.java:142) Executing script: dbupdate-008-0.sql 
02 Mar 2026 22:35:26,919 INFO com.sismics.util.jpa.DbOpenHelper.executeAllScript(DbOpenHelper.java:142) Executing script: dbupdate-009-0.sql 
02 Mar 2026 22:35:26,923 INFO com.sismics.util.jpa.DbOpenHelper.executeAllScript(DbOpenHelper.java:142) Executing script: dbupdate-010-0.sql 
02 Mar 2026 22:35:26,925 INFO com.sismics.util.jpa.DbOpenHelper.executeAllScript(DbOpenHelper.java:142) Executing script: dbupdate-011-0.sql 
02 Mar 2026 22:35:26,929 INFO com.sismics.util.jpa.DbOpenHelper.executeAllScript(DbOpenHelper.java:142) Executing script: dbupdate-012-0.sql 
02 Mar 2026 22:35:26,932 INFO com.sismics.util.jpa.DbOpenHelper.executeAllScript(DbOpenHelper.java:142) Executing script: dbupdate-013-0.sql 
02 Mar 2026 22:35:26,933 INFO com.sismics.util.jpa.DbOpenHelper.executeAllScript(DbOpenHelper.java:142) Executing script: dbupdate-014-0.sql 
02 Mar 2026 22:35:26,936 INFO com.sismics.util.jpa.DbOpenHelper.executeAllScript(DbOpenHelper.java:142) Executing script: dbupdate-015-0.sql 
02 Mar 2026 22:35:26,942 INFO com.sismics.util.jpa.DbOpenHelper.executeAllScript(DbOpenHelper.java:142) Executing script: dbupdate-016-0.sql 
02 Mar 2026 22:35:26,942 INFO com.sismics.util.jpa.DbOpenHelper.executeAllScript(DbOpenHelper.java:142) Executing script: dbupdate-017-0.sql 
02 Mar 2026 22:35:26,943 INFO com.sismics.util.jpa.DbOpenHelper.executeAllScript(DbOpenHelper.java:142) Executing script: dbupdate-018-0.sql 
02 Mar 2026 22:35:26,956 INFO com.sismics.util.jpa.DbOpenHelper.executeAllScript(DbOpenHelper.java:142) Executing script: dbupdate-019-0.sql 
02 Mar 2026 22:35:26,957 INFO com.sismics.util.jpa.DbOpenHelper.executeAllScript(DbOpenHelper.java:142) Executing script: dbupdate-020-0.sql 
02 Mar 2026 22:35:26,958 INFO com.sismics.util.jpa.DbOpenHelper.executeAllScript(DbOpenHelper.java:142) Executing script: dbupdate-021-0.sql 
02 Mar 2026 22:35:26,963 INFO com.sismics.util.jpa.DbOpenHelper.executeAllScript(DbOpenHelper.java:142) Executing script: dbupdate-022-0.sql 
02 Mar 2026 22:35:26,968 INFO com.sismics.util.jpa.DbOpenHelper.executeAllScript(DbOpenHelper.java:142) Executing script: dbupdate-023-0.sql 
02 Mar 2026 22:35:26,971 INFO com.sismics.util.jpa.DbOpenHelper.executeAllScript(DbOpenHelper.java:142) Executing script: dbupdate-024-0.sql 
02 Mar 2026 22:35:26,974 INFO com.sismics.util.jpa.DbOpenHelper.executeAllScript(DbOpenHelper.java:142) Executing script: dbupdate-025-0.sql 
02 Mar 2026 22:35:26,975 INFO com.sismics.util.jpa.DbOpenHelper.executeAllScript(DbOpenHelper.java:142) Executing script: dbupdate-026-0.sql 
02 Mar 2026 22:35:26,976 INFO com.sismics.util.jpa.DbOpenHelper.executeAllScript(DbOpenHelper.java:142) Executing script: dbupdate-027-0.sql 
02 Mar 2026 22:35:26,976 INFO com.sismics.util.jpa.DbOpenHelper.executeAllScript(DbOpenHelper.java:142) Executing script: dbupdate-028-0.sql 
02 Mar 2026 22:35:26,977 INFO com.sismics.util.jpa.DbOpenHelper.executeAllScript(DbOpenHelper.java:142) Executing script: dbupdate-029-0.sql 
02 Mar 2026 22:35:26,980 INFO com.sismics.util.jpa.DbOpenHelper.executeAllScript(DbOpenHelper.java:142) Executing script: dbupdate-030-0.sql 
02 Mar 2026 22:35:26,980 INFO com.sismics.util.jpa.DbOpenHelper.executeAllScript(DbOpenHelper.java:142) Executing script: dbupdate-031-0.sql 
02 Mar 2026 22:35:26,981 INFO com.sismics.util.jpa.DbOpenHelper.open(DbOpenHelper.java:108) Database upgrade complete 
02 Mar 2026 22:35:26,981 INFO com.sismics.util.jpa.EMF.getEntityManagerProperties(EMF.java:67) Configuring EntityManager from hibernate.properties 
02 Mar 2026 22:35:28,246 INFO com.sismics.util.ClasspathScanner.findClasses(ClasspathScanner.java:48) Found 1 classes for IndexingHandler 
02 Mar 2026 22:35:28,277 INFO com.sismics.docs.core.util.indexing.LuceneIndexingHandler.initLucene(LuceneIndexingHandler.java:129) Using RAM Lucene storage 
02 Mar 2026 22:35:28,330 INFO com.sismics.docs.core.service.FileService.startUp(FileService.java:39) File service starting up 
02 Mar 2026 22:35:28,333 INFO com.sismics.docs.core.service.InboxService.startUp(InboxService.java:52) Inbox service starting up 
02 Mar 2026 22:35:28,333 INFO com.sismics.docs.core.service.FileSizeService.startUp(FileSizeService.java:30) File size service starting up 
02 Mar 2026 22:35:28,530 INFO com.sismics.docs.core.service.FileSizeService.lambda$runOneIteration$0(FileSizeService.java:50) No more file to process, stopping the service 
02 Mar 2026 22:35:28,531 INFO com.sismics.docs.core.service.FileSizeService.shutDown(FileSizeService.java:35) File size service shutting down 
02 Mar 2026 22:36:57,168 INFO com.sismics.docs.core.service.InboxService.shutDown(InboxService.java:57) Inbox service shutting down 
02 Mar 2026 22:36:57,168 INFO com.sismics.docs.core.service.FileService.shutDown(FileService.java:44) File service shutting down 
02 Mar 2026 22:39:08,664 INFO com.sismics.util.jpa.EMF.getEntityManagerProperties(EMF.java:67) Configuring EntityManager from hibernate.properties 
02 Mar 2026 22:39:09,037 INFO com.sismics.util.jpa.DbOpenHelper.open(DbOpenHelper.java:57) Opening database and executing incremental updates 
02 Mar 2026 22:39:09,038 INFO com.sismics.util.jpa.DbOpenHelper.open(DbOpenHelper.java:83) Unable to get database version: Table T_CONFIG not found 
02 Mar 2026 22:39:09,038 INFO com.sismics.util.jpa.DbOpenHelper.open(DbOpenHelper.java:98) Executing initial schema creation script 
02 Mar 2026 22:39:09,041 INFO com.sismics.util.jpa.DbOpenHelper.executeAllScript(DbOpenHelper.java:142) Executing script: dbupdate-000-0.sql 
02 Mar 2026 22:39:09,091 INFO com.sismics.util.jpa.DbOpenHelper.executeAllScript(DbOpenHelper.java:142) Executing script: dbupdate-000-1.sql 
02 Mar 2026 22:39:09,094 INFO com.sismics.util.jpa.DbOpenHelper.open(DbOpenHelper.java:106) Found database version 0, new version is 31, executing database incremental update scripts 
02 Mar 2026 22:39:09,096 INFO com.sismics.util.jpa.DbOpenHelper.executeAllScript(DbOpenHelper.java:142) Executing script: dbupdate-001-0.sql 
02 Mar 2026 22:39:09,122 INFO com.sismics.util.jpa.DbOpenHelper.executeAllScript(DbOpenHelper.java:142) Executing script: dbupdate-002-0.sql 
02 Mar 2026 22:39:09,128 INFO com.sismics.util.jpa.DbOpenHelper.executeAllScript(DbOpenHelper.java:142) Executing script: dbupdate-003-0.sql 
02 Mar 2026 22:39:09,132 INFO com.sismics.util.jpa.DbOpenHelper.executeAllScript(DbOpenHelper.java:142) Executing script: dbupdate-004-0.sql 
02 Mar 2026 22:39:09,144 INFO com.sismics.util.jpa.DbOpenHelper.executeAllScript(DbOpenHelper.java:142) Executing script: dbupdate-005-0.sql 
02 Mar 2026 22:39:09,145 INFO com.sismics.util.jpa.DbOpenHelper.executeAllScript(DbOpenHelper.java:142) Executing script: dbupdate-006-0.sql 
02 Mar 2026 22:39:09,242 INFO com.sismics.util.jpa.DbOpenHelper.executeAllScript(DbOpenHelper.java:142) Executing script: dbupdate-007-0.sql 
02 Mar 2026 22:39:09,245 INFO com.sismics.util.jpa.DbOpenHelper.executeAllScript(DbOpenHelper.java:142) Executing script: dbupdate-008-0.sql 
02 Mar 2026 22:39:09,247 INFO com.sismics.util.jpa.DbOpenHelper.executeAllScript(DbOpenHelper.java:142) Executing script: dbupdate-009-0.sql 
02 Mar 2026 22:39:09,251 INFO com.sismics.util.jpa.DbOpenHelper.executeAllScript(DbOpenHelper.java:142) Executing script: dbupdate-010-0.sql 
02 Mar 2026 22:39:09,252 INFO com.sismics.util.jpa.DbOpenHelper.executeAllScript(DbOpenHelper.java:142) Executing script: dbupdate-011-0.sql 
02 Mar 2026 22:39:09,256 INFO com.sismics.util.jpa.DbOpenHelper.executeAllScript(DbOpenHelper.java:142) Executing script: dbupdate-012-0.sql 
02 Mar 2026 22:39:09,259 INFO com.sismics.util.jpa.DbOpenHelper.executeAllScript(DbOpenHelper.java:142) Executing script: dbupdate-013-0.sql 
02 Mar 2026 22:39:09,259 INFO com.sismics.util.jpa.DbOpenHelper.executeAllScript(DbOpenHelper.java:142) Executing script: dbupdate-014-0.sql 
02 Mar 2026 22:39:09,263 INFO com.sismics.util.jpa.DbOpenHelper.executeAllScript(DbOpenHelper.java:142) Executing script: dbupdate-015-0.sql 
02 Mar 2026 22:39:09,270 INFO com.sismics.util.jpa.DbOpenHelper.executeAllScript(DbOpenHelper.java:142) Executing script: dbupdate-016-0.sql 
02 Mar 2026 22:39:09,271 INFO com.sismics.util.jpa.DbOpenHelper.executeAllScript(DbOpenHelper.java:142) Executing script: dbupdate-017-0.sql 
02 Mar 2026 22:39:09,272 INFO com.sismics.util.jpa.DbOpenHelper.executeAllScript(DbOpenHelper.java:142) Executing script: dbupdate-018-0.sql 
02 Mar 2026 22:39:09,284 INFO com.sismics.util.jpa.DbOpenHelper.executeAllScript(DbOpenHelper.java:142) Executing script: dbupdate-019-0.sql 
02 Mar 2026 22:39:09,285 INFO com.sismics.util.jpa.DbOpenHelper.executeAllScript(DbOpenHelper.java:142) Executing script: dbupdate-020-0.sql 
02 Mar 2026 22:39:09,286 INFO com.sismics.util.jpa.DbOpenHelper.executeAllScript(DbOpenHelper.java:142) Executing script: dbupdate-021-0.sql 
02 Mar 2026 22:39:09,291 INFO com.sismics.util.jpa.DbOpenHelper.executeAllScript(DbOpenHelper.java:142) Executing script: dbupdate-022-0.sql 
02 Mar 2026 22:39:09,297 INFO com.sismics.util.jpa.DbOpenHelper.executeAllScript(DbOpenHelper.java:142) Executing script: dbupdate-023-0.sql 
02 Mar 2026 22:39:09,300 INFO com.sismics.util.jpa.DbOpenHelper.executeAllScript(DbOpenHelper.java:142) Executing script: dbupdate-024-0.sql 
02 Mar 2026 22:39:09,303 INFO com.sismics.util.jpa.DbOpenHelper.executeAllScript(DbOpenHelper.java:142) Executing script: dbupdate-025-0.sql 
02 Mar 2026 22:39:09,304 INFO com.sismics.util.jpa.DbOpenHelper.executeAllScript(DbOpenHelper.java:142) Executing script: dbupdate-026-0.sql 
02 Mar 2026 22:39:09,304 INFO com.sismics.util.jpa.DbOpenHelper.executeAllScript(DbOpenHelper.java:142) Executing script: dbupdate-027-0.sql 
02 Mar 2026 22:39:09,305 INFO com.sismics.util.jpa.DbOpenHelper.executeAllScript(DbOpenHelper.java:142) Executing script: dbupdate-028-0.sql 
02 Mar 2026 22:39:09,306 INFO com.sismics.util.jpa.DbOpenHelper.executeAllScript(DbOpenHelper.java:142) Executing script: dbupdate-029-0.sql 
02 Mar 2026 22:39:09,309 INFO com.sismics.util.jpa.DbOpenHelper.executeAllScript(DbOpenHelper.java:142) Executing script: dbupdate-030-0.sql 
02 Mar 2026 22:39:09,310 INFO com.sismics.util.jpa.DbOpenHelper.executeAllScript(DbOpenHelper.java:142) Executing script: dbupdate-031-0.sql 
02 Mar 2026 22:39:09,311 INFO com.sismics.util.jpa.DbOpenHelper.open(DbOpenHelper.java:108) Database upgrade complete 
02 Mar 2026 22:39:09,311 INFO com.sismics.util.jpa.EMF.getEntityManagerProperties(EMF.java:67) Configuring EntityManager from hibernate.properties 
02 Mar 2026 22:39:10,587 INFO com.sismics.util.ClasspathScanner.findClasses(ClasspathScanner.java:48) Found 1 classes for IndexingHandler 
02 Mar 2026 22:39:10,617 INFO com.sismics.docs.core.util.indexing.LuceneIndexingHandler.initLucene(LuceneIndexingHandler.java:129) Using RAM Lucene storage 
02 Mar 2026 22:39:10,669 INFO com.sismics.docs.core.service.FileService.startUp(FileService.java:39) File service starting up 
02 Mar 2026 22:39:10,671 INFO com.sismics.docs.core.service.InboxService.startUp(InboxService.java:52) Inbox service starting up 
02 Mar 2026 22:39:10,672 INFO com.sismics.docs.core.service.FileSizeService.startUp(FileSizeService.java:30) File size service starting up 
02 Mar 2026 22:39:10,859 INFO com.sismics.docs.core.service.FileSizeService.lambda$runOneIteration$0(FileSizeService.java:50) No more file to process, stopping the service 
02 Mar 2026 22:39:10,860 INFO com.sismics.docs.core.service.FileSizeService.shutDown(FileSizeService.java:35) File size service shutting down 
02 Mar 2026 22:39:17,185 INFO com.sismics.docs.core.service.InboxService.shutDown(InboxService.java:57) Inbox service shutting down 
02 Mar 2026 22:39:17,186 INFO com.sismics.docs.core.service.FileService.shutDown(FileService.java:44) File service shutting down 
02 Mar 2026 22:40:02,958 INFO com.sismics.util.jpa.EMF.getEntityManagerProperties(EMF.java:67) Configuring EntityManager from hibernate.properties 
02 Mar 2026 22:40:03,300 INFO com.sismics.util.jpa.DbOpenHelper.open(DbOpenHelper.java:57) Opening database and executing incremental updates 
02 Mar 2026 22:40:03,301 INFO com.sismics.util.jpa.DbOpenHelper.open(DbOpenHelper.java:83) Unable to get database version: Table T_CONFIG not found 
02 Mar 2026 22:40:03,301 INFO com.sismics.util.jpa.DbOpenHelper.open(DbOpenHelper.java:98) Executing initial schema creation script 
02 Mar 2026 22:40:03,305 INFO com.sismics.util.jpa.DbOpenHelper.executeAllScript(DbOpenHelper.java:142) Executing script: dbupdate-000-0.sql 
02 Mar 2026 22:40:03,363 INFO com.sismics.util.jpa.DbOpenHelper.executeAllScript(DbOpenHelper.java:142) Executing script: dbupdate-000-1.sql 
02 Mar 2026 22:40:03,366 INFO com.sismics.util.jpa.DbOpenHelper.open(DbOpenHelper.java:106) Found database version 0, new version is 31, executing database incremental update scripts 
02 Mar 2026 22:40:03,368 INFO com.sismics.util.jpa.DbOpenHelper.executeAllScript(DbOpenHelper.java:142) Executing script: dbupdate-001-0.sql 
02 Mar 2026 22:40:03,398 INFO com.sismics.util.jpa.DbOpenHelper.executeAllScript(DbOpenHelper.java:142) Executing script: dbupdate-002-0.sql 
02 Mar 2026 22:40:03,406 INFO com.sismics.util.jpa.DbOpenHelper.executeAllScript(DbOpenHelper.java:142) Executing script: dbupdate-003-0.sql 
02 Mar 2026 22:40:03,413 INFO com.sismics.util.jpa.DbOpenHelper.executeAllScript(DbOpenHelper.java:142) Executing script: dbupdate-004-0.sql 
02 Mar 2026 22:40:03,427 INFO com.sismics.util.jpa.DbOpenHelper.executeAllScript(DbOpenHelper.java:142) Executing script: dbupdate-005-0.sql 
02 Mar 2026 22:40:03,428 INFO com.sismics.util.jpa.DbOpenHelper.executeAllScript(DbOpenHelper.java:142) Executing script: dbupdate-006-0.sql 
02 Mar 2026 22:40:03,523 INFO com.sismics.util.jpa.DbOpenHelper.executeAllScript(DbOpenHelper.java:142) Executing script: dbupdate-007-0.sql 
02 Mar 2026 22:40:03,525 INFO com.sismics.util.jpa.DbOpenHelper.executeAllScript(DbOpenHelper.java:142) Executing script: dbupdate-008-0.sql 
02 Mar 2026 22:40:03,527 INFO com.sismics.util.jpa.DbOpenHelper.executeAllScript(DbOpenHelper.java:142) Executing script: dbupdate-009-0.sql 
02 Mar 2026 22:40:03,531 INFO com.sismics.util.jpa.DbOpenHelper.executeAllScript(DbOpenHelper.java:142) Executing script: dbupdate-010-0.sql 
02 Mar 2026 22:40:03,534 INFO com.sismics.util.jpa.DbOpenHelper.executeAllScript(DbOpenHelper.java:142) Executing script: dbupdate-011-0.sql 
02 Mar 2026 22:40:03,539 INFO com.sismics.util.jpa.DbOpenHelper.executeAllScript(DbOpenHelper.java:142) Executing script: dbupdate-012-0.sql 
02 Mar 2026 22:40:03,542 INFO com.sismics.util.jpa.DbOpenHelper.executeAllScript(DbOpenHelper.java:142) Executing script: dbupdate-013-0.sql 
02 Mar 2026 22:40:03,544 INFO com.sismics.util.jpa.DbOpenHelper.executeAllScript(DbOpenHelper.java:142) Executing script: dbupdate-014-0.sql 
02 Mar 2026 22:40:03,546 INFO com.sismics.util.jpa.DbOpenHelper.executeAllScript(DbOpenHelper.java:142) Executing script: dbupdate-015-0.sql 
02 Mar 2026 22:40:03,554 INFO com.sismics.util.jpa.DbOpenHelper.executeAllScript(DbOpenHelper.java:142) Executing script: dbupdate-016-0.sql 
02 Mar 2026 22:40:03,555 INFO com.sismics.util.jpa.DbOpenHelper.executeAllScript(DbOpenHelper.java:142) Executing script: dbupdate-017-0.sql 
02 Mar 2026 22:40:03,556 INFO com.sismics.util.jpa.DbOpenHelper.executeAllScript(DbOpenHelper.java:142) Executing script: dbupdate-018-0.sql 
02 Mar 2026 22:40:03,568 INFO com.sismics.util.jpa.DbOpenHelper.executeAllScript(DbOpenHelper.java:142) Executing script: dbupdate-019-0.sql 
02 Mar 2026 22:40:03,569 INFO com.sismics.util.jpa.DbOpenHelper.executeAllScript(DbOpenHelper.java:142) Executing script: dbupdate-020-0.sql 
02 Mar 2026 22:40:03,570 INFO com.sismics.util.jpa.DbOpenHelper.executeAllScript(DbOpenHelper.java:142) Executing script: dbupdate-021-0.sql 
02 Mar 2026 22:40:03,577 INFO com.sismics.util.jpa.DbOpenHelper.executeAllScript(DbOpenHelper.java:142) Executing script: dbupdate-022-0.sql 
02 Mar 2026 22:40:03,583 INFO com.sismics.util.jpa.DbOpenHelper.executeAllScript(DbOpenHelper.java:142) Executing script: dbupdate-023-0.sql 
02 Mar 2026 22:40:03,586 INFO com.sismics.util.jpa.DbOpenHelper.executeAllScript(DbOpenHelper.java:142) Executing script: dbupdate-024-0.sql 
02 Mar 2026 22:40:03,589 INFO com.sismics.util.jpa.DbOpenHelper.executeAllScript(DbOpenHelper.java:142) Executing script: dbupdate-025-0.sql 
02 Mar 2026 22:40:03,590 INFO com.sismics.util.jpa.DbOpenHelper.executeAllScript(DbOpenHelper.java:142) Executing script: dbupdate-026-0.sql 
02 Mar 2026 22:40:03,590 INFO com.sismics.util.jpa.DbOpenHelper.executeAllScript(DbOpenHelper.java:142) Executing script: dbupdate-027-0.sql 
02 Mar 2026 22:40:03,591 INFO com.sismics.util.jpa.DbOpenHelper.executeAllScript(DbOpenHelper.java:142) Executing script: dbupdate-028-0.sql 
02 Mar 2026 22:40:03,592 INFO com.sismics.util.jpa.DbOpenHelper.executeAllScript(DbOpenHelper.java:142) Executing script: dbupdate-029-0.sql 
02 Mar 2026 22:40:03,595 INFO com.sismics.util.jpa.DbOpenHelper.executeAllScript(DbOpenHelper.java:142) Executing script: dbupdate-030-0.sql 
02 Mar 2026 22:40:03,596 INFO com.sismics.util.jpa.DbOpenHelper.executeAllScript(DbOpenHelper.java:142) Executing script: dbupdate-031-0.sql 
02 Mar 2026 22:40:03,597 INFO com.sismics.util.jpa.DbOpenHelper.open(DbOpenHelper.java:108) Database upgrade complete 
02 Mar 2026 22:40:03,597 INFO com.sismics.util.jpa.EMF.getEntityManagerProperties(EMF.java:67) Configuring EntityManager from hibernate.properties 
02 Mar 2026 22:40:06,499 INFO com.sismics.util.ClasspathScanner.findClasses(ClasspathScanner.java:48) Found 1 classes for IndexingHandler 
02 Mar 2026 22:40:06,524 INFO com.sismics.docs.core.util.indexing.LuceneIndexingHandler.initLucene(LuceneIndexingHandler.java:129) Using RAM Lucene storage 
02 Mar 2026 22:40:06,569 INFO com.sismics.docs.core.service.FileService.startUp(FileService.java:39) File service starting up 
02 Mar 2026 22:40:06,571 INFO com.sismics.docs.core.service.InboxService.startUp(InboxService.java:52) Inbox service starting up 
02 Mar 2026 22:40:06,572 INFO com.sismics.docs.core.service.FileSizeService.startUp(FileSizeService.java:30) File size service starting up 
02 Mar 2026 22:40:06,763 INFO com.sismics.docs.core.service.FileSizeService.lambda$runOneIteration$0(FileSizeService.java:50) No more file to process, stopping the service 
02 Mar 2026 22:40:06,764 INFO com.sismics.docs.core.service.FileSizeService.shutDown(FileSizeService.java:35) File size service shutting down 
02 Mar 2026 22:40:43,391 INFO com.sismics.util.ClasspathScanner.findClasses(ClasspathScanner.java:48) Found 2 classes for AuthenticationHandler 
02 Mar 2026 22:41:58,097 INFO com.sismics.docs.core.service.InboxService.shutDown(InboxService.java:57) Inbox service shutting down 
02 Mar 2026 22:41:58,098 INFO com.sismics.docs.core.service.FileService.shutDown(FileService.java:44) File service shutting down 
02 Mar 2026 22:50:43,527 INFO com.sismics.util.jpa.EMF.getEntityManagerProperties(EMF.java:67) Configuring EntityManager from hibernate.properties 
02 Mar 2026 22:50:43,901 INFO com.sismics.util.jpa.DbOpenHelper.open(DbOpenHelper.java:57) Opening database and executing incremental updates 
02 Mar 2026 22:50:43,902 INFO com.sismics.util.jpa.DbOpenHelper.open(DbOpenHelper.java:83) Unable to get database version: Table T_CONFIG not found 
02 Mar 2026 22:50:43,902 INFO com.sismics.util.jpa.DbOpenHelper.open(DbOpenHelper.java:98) Executing initial schema creation script 
02 Mar 2026 22:50:43,906 INFO com.sismics.util.jpa.DbOpenHelper.executeAllScript(DbOpenHelper.java:142) Executing script: dbupdate-000-0.sql 
02 Mar 2026 22:50:43,958 INFO com.sismics.util.jpa.DbOpenHelper.executeAllScript(DbOpenHelper.java:142) Executing script: dbupdate-000-1.sql 
02 Mar 2026 22:50:43,962 INFO com.sismics.util.jpa.DbOpenHelper.open(DbOpenHelper.java:106) Found database version 0, new version is 31, executing database incremental update scripts 
02 Mar 2026 22:50:43,964 INFO com.sismics.util.jpa.DbOpenHelper.executeAllScript(DbOpenHelper.java:142) Executing script: dbupdate-001-0.sql 
02 Mar 2026 22:50:43,992 INFO com.sismics.util.jpa.DbOpenHelper.executeAllScript(DbOpenHelper.java:142) Executing script: dbupdate-002-0.sql 
02 Mar 2026 22:50:43,998 INFO com.sismics.util.jpa.DbOpenHelper.executeAllScript(DbOpenHelper.java:142) Executing script: dbupdate-003-0.sql 
02 Mar 2026 22:50:44,004 INFO com.sismics.util.jpa.DbOpenHelper.executeAllScript(DbOpenHelper.java:142) Executing script: dbupdate-004-0.sql 
02 Mar 2026 22:50:44,015 INFO com.sismics.util.jpa.DbOpenHelper.executeAllScript(DbOpenHelper.java:142) Executing script: dbupdate-005-0.sql 
02 Mar 2026 22:50:44,017 INFO com.sismics.util.jpa.DbOpenHelper.executeAllScript(DbOpenHelper.java:142) Executing script: dbupdate-006-0.sql 
02 Mar 2026 22:50:44,112 INFO com.sismics.util.jpa.DbOpenHelper.executeAllScript(DbOpenHelper.java:142) Executing script: dbupdate-007-0.sql 
02 Mar 2026 22:50:44,115 INFO com.sismics.util.jpa.DbOpenHelper.executeAllScript(DbOpenHelper.java:142) Executing script: dbupdate-008-0.sql 
02 Mar 2026 22:50:44,118 INFO com.sismics.util.jpa.DbOpenHelper.executeAllScript(DbOpenHelper.java:142) Executing script: dbupdate-009-0.sql 
02 Mar 2026 22:50:44,122 INFO com.sismics.util.jpa.DbOpenHelper.executeAllScript(DbOpenHelper.java:142) Executing script: dbupdate-010-0.sql 
02 Mar 2026 22:50:44,125 INFO com.sismics.util.jpa.DbOpenHelper.executeAllScript(DbOpenHelper.java:142) Executing script: dbupdate-011-0.sql 
02 Mar 2026 22:50:44,128 INFO com.sismics.util.jpa.DbOpenHelper.executeAllScript(DbOpenHelper.java:142) Executing script: dbupdate-012-0.sql 
02 Mar 2026 22:50:44,132 INFO com.sismics.util.jpa.DbOpenHelper.executeAllScript(DbOpenHelper.java:142) Executing script: dbupdate-013-0.sql 
02 Mar 2026 22:50:44,134 INFO com.sismics.util.jpa.DbOpenHelper.executeAllScript(DbOpenHelper.java:142) Executing script: dbupdate-014-0.sql 
02 Mar 2026 22:50:44,136 INFO com.sismics.util.jpa.DbOpenHelper.executeAllScript(DbOpenHelper.java:142) Executing script: dbupdate-015-0.sql 
02 Mar 2026 22:50:44,144 INFO com.sismics.util.jpa.DbOpenHelper.executeAllScript(DbOpenHelper.java:142) Executing script: dbupdate-016-0.sql 
02 Mar 2026 22:50:44,145 INFO com.sismics.util.jpa.DbOpenHelper.executeAllScript(DbOpenHelper.java:142) Executing script: dbupdate-017-0.sql 
02 Mar 2026 22:50:44,147 INFO com.sismics.util.jpa.DbOpenHelper.executeAllScript(DbOpenHelper.java:142) Executing script: dbupdate-018-0.sql 
02 Mar 2026 22:50:44,160 INFO com.sismics.util.jpa.DbOpenHelper.executeAllScript(DbOpenHelper.java:142) Executing script: dbupdate-019-0.sql 
02 Mar 2026 22:50:44,162 INFO com.sismics.util.jpa.DbOpenHelper.executeAllScript(DbOpenHelper.java:142) Executing script: dbupdate-020-0.sql 
02 Mar 2026 22:50:44,163 INFO com.sismics.util.jpa.DbOpenHelper.executeAllScript(DbOpenHelper.java:142) Executing script: dbupdate-021-0.sql 
02 Mar 2026 22:50:44,169 INFO com.sismics.util.jpa.DbOpenHelper.executeAllScript(DbOpenHelper.java:142) Executing script: dbupdate-022-0.sql 
02 Mar 2026 22:50:44,174 INFO com.sismics.util.jpa.DbOpenHelper.executeAllScript(DbOpenHelper.java:142) Executing script: dbupdate-023-0.sql 
02 Mar 2026 22:50:44,178 INFO com.sismics.util.jpa.DbOpenHelper.executeAllScript(DbOpenHelper.java:142) Executing script: dbupdate-024-0.sql 
02 Mar 2026 22:50:44,182 INFO com.sismics.util.jpa.DbOpenHelper.executeAllScript(DbOpenHelper.java:142) Executing script: dbupdate-025-0.sql 
02 Mar 2026 22:50:44,183 INFO com.sismics.util.jpa.DbOpenHelper.executeAllScript(DbOpenHelper.java:142) Executing script: dbupdate-026-0.sql 
02 Mar 2026 22:50:44,184 INFO com.sismics.util.jpa.DbOpenHelper.executeAllScript(DbOpenHelper.java:142) Executing script: dbupdate-027-0.sql 
02 Mar 2026 22:50:44,184 INFO com.sismics.util.jpa.DbOpenHelper.executeAllScript(DbOpenHelper.java:142) Executing script: dbupdate-028-0.sql 
02 Mar 2026 22:50:44,185 INFO com.sismics.util.jpa.DbOpenHelper.executeAllScript(DbOpenHelper.java:142) Executing script: dbupdate-029-0.sql 
02 Mar 2026 22:50:44,188 INFO com.sismics.util.jpa.DbOpenHelper.executeAllScript(DbOpenHelper.java:142) Executing script: dbupdate-030-0.sql 
02 Mar 2026 22:50:44,190 INFO com.sismics.util.jpa.DbOpenHelper.executeAllScript(DbOpenHelper.java:142) Executing script: dbupdate-031-0.sql 
02 Mar 2026 22:50:44,190 INFO com.sismics.util.jpa.DbOpenHelper.open(DbOpenHelper.java:108) Database upgrade complete 
02 Mar 2026 22:50:44,191 INFO com.sismics.util.jpa.EMF.getEntityManagerProperties(EMF.java:67) Configuring EntityManager from hibernate.properties 
02 Mar 2026 22:50:45,527 INFO com.sismics.util.ClasspathScanner.findClasses(ClasspathScanner.java:48) Found 1 classes for IndexingHandler 
02 Mar 2026 22:50:45,554 INFO com.sismics.docs.core.util.indexing.LuceneIndexingHandler.initLucene(LuceneIndexingHandler.java:129) Using RAM Lucene storage 
02 Mar 2026 22:50:45,604 INFO com.sismics.docs.core.service.FileService.startUp(FileService.java:39) File service starting up 
02 Mar 2026 22:50:45,606 INFO com.sismics.docs.core.service.InboxService.startUp(InboxService.java:52) Inbox service starting up 
02 Mar 2026 22:50:45,607 INFO com.sismics.docs.core.service.FileSizeService.startUp(FileSizeService.java:30) File size service starting up 
02 Mar 2026 22:50:45,787 INFO com.sismics.docs.core.service.FileSizeService.lambda$runOneIteration$0(FileSizeService.java:50) No more file to process, stopping the service 
02 Mar 2026 22:50:45,788 INFO com.sismics.docs.core.service.FileSizeService.shutDown(FileSizeService.java:35) File size service shutting down 
02 Mar 2026 22:51:22,494 INFO com.sismics.docs.core.service.InboxService.shutDown(InboxService.java:57) Inbox service shutting down 
02 Mar 2026 22:51:22,494 INFO com.sismics.docs.core.service.FileService.shutDown(FileService.java:44) File service shutting down 
02 Mar 2026 22:51:40,586 INFO com.sismics.util.jpa.EMF.getEntityManagerProperties(EMF.java:67) Configuring EntityManager from hibernate.properties 
02 Mar 2026 22:51:41,092 INFO com.sismics.util.jpa.DbOpenHelper.open(DbOpenHelper.java:57) Opening database and executing incremental updates 
02 Mar 2026 22:51:41,094 INFO com.sismics.util.jpa.DbOpenHelper.open(DbOpenHelper.java:106) Found database version 31, new version is 31, executing database incremental update scripts 
02 Mar 2026 22:51:41,094 INFO com.sismics.util.jpa.DbOpenHelper.open(DbOpenHelper.java:108) Database upgrade complete 
02 Mar 2026 22:51:41,095 INFO com.sismics.util.jpa.EMF.getEntityManagerProperties(EMF.java:67) Configuring EntityManager from hibernate.properties 
02 Mar 2026 22:51:42,559 INFO com.sismics.util.ClasspathScanner.findClasses(ClasspathScanner.java:48) Found 1 classes for IndexingHandler 
02 Mar 2026 22:51:42,591 INFO com.sismics.docs.core.util.indexing.LuceneIndexingHandler.initLucene(LuceneIndexingHandler.java:129) Using RAM Lucene storage 
02 Mar 2026 22:51:42,651 INFO com.sismics.docs.core.service.FileService.startUp(FileService.java:39) File service starting up 
02 Mar 2026 22:51:42,655 INFO com.sismics.docs.core.service.InboxService.startUp(InboxService.java:52) Inbox service starting up 
02 Mar 2026 22:51:42,656 INFO com.sismics.docs.core.service.FileSizeService.startUp(FileSizeService.java:30) File size service starting up 
02 Mar 2026 22:51:42,842 INFO com.sismics.docs.core.service.FileSizeService.lambda$runOneIteration$0(FileSizeService.java:50) No more file to process, stopping the service 
02 Mar 2026 22:51:42,843 INFO com.sismics.docs.core.service.FileSizeService.shutDown(FileSizeService.java:35) File size service shutting down 
02 Mar 2026 22:51:57,407 INFO com.sismics.util.ClasspathScanner.findClasses(ClasspathScanner.java:48) Found 2 classes for AuthenticationHandler 
02 Mar 2026 22:52:02,153 INFO com.sismics.docs.core.listener.async.DocumentCreatedAsyncListener.on(DocumentCreatedAsyncListener.java:35) Document created event: DocumentCreatedAsyncEvent{documentId=50ce4ca2-e8e2-488e-b52f-d7934262c1cc} 
02 Mar 2026 22:52:10,601 INFO com.sismics.docs.core.service.InboxService.shutDown(InboxService.java:57) Inbox service shutting down 
02 Mar 2026 22:52:10,602 INFO com.sismics.docs.core.service.FileService.shutDown(FileService.java:44) File service shutting down 
02 Mar 2026 22:52:16,876 INFO com.sismics.util.jpa.EMF.getEntityManagerProperties(EMF.java:67) Configuring EntityManager from hibernate.properties 
02 Mar 2026 22:52:17,265 INFO com.sismics.util.jpa.DbOpenHelper.open(DbOpenHelper.java:57) Opening database and executing incremental updates 
02 Mar 2026 22:52:17,267 INFO com.sismics.util.jpa.DbOpenHelper.open(DbOpenHelper.java:106) Found database version 31, new version is 31, executing database incremental update scripts 
02 Mar 2026 22:52:17,268 INFO com.sismics.util.jpa.DbOpenHelper.open(DbOpenHelper.java:108) Database upgrade complete 
02 Mar 2026 22:52:17,268 INFO com.sismics.util.jpa.EMF.getEntityManagerProperties(EMF.java:67) Configuring EntityManager from hibernate.properties 
02 Mar 2026 22:52:18,554 INFO com.sismics.util.ClasspathScanner.findClasses(ClasspathScanner.java:48) Found 1 classes for IndexingHandler 
02 Mar 2026 22:52:18,582 INFO com.sismics.docs.core.util.indexing.LuceneIndexingHandler.initLucene(LuceneIndexingHandler.java:129) Using RAM Lucene storage 
02 Mar 2026 22:52:18,633 INFO com.sismics.docs.core.service.FileService.startUp(FileService.java:39) File service starting up 
02 Mar 2026 22:52:18,636 INFO com.sismics.docs.core.service.InboxService.startUp(InboxService.java:52) Inbox service starting up 
02 Mar 2026 22:52:18,636 INFO com.sismics.docs.core.service.FileSizeService.startUp(FileSizeService.java:30) File size service starting up 
02 Mar 2026 22:52:18,820 INFO com.sismics.docs.core.service.FileSizeService.lambda$runOneIteration$0(FileSizeService.java:50) No more file to process, stopping the service 
02 Mar 2026 22:52:18,820 INFO com.sismics.docs.core.service.FileSizeService.shutDown(FileSizeService.java:35) File size service shutting down 
02 Mar 2026 22:52:33,724 INFO com.sismics.docs.core.listener.async.DocumentDeletedAsyncListener.on(DocumentDeletedAsyncListener.java:31) Document deleted event: DocumentDeletedAsyncEvent{documentId=50ce4ca2-e8e2-488e-b52f-d7934262c1cc} 
02 Mar 2026 22:52:50,083 INFO com.sismics.docs.core.service.InboxService.shutDown(InboxService.java:57) Inbox service shutting down 
02 Mar 2026 22:52:50,084 INFO com.sismics.docs.core.service.FileService.shutDown(FileService.java:44) File service shutting down 
02 Mar 2026 23:32:58,789 INFO com.sismics.util.jpa.EMF.getEntityManagerProperties(EMF.java:67) Configuring EntityManager from hibernate.properties 
02 Mar 2026 23:32:59,203 INFO com.sismics.util.jpa.DbOpenHelper.open(DbOpenHelper.java:57) Opening database and executing incremental updates 
02 Mar 2026 23:32:59,206 INFO com.sismics.util.jpa.DbOpenHelper.open(DbOpenHelper.java:106) Found database version 31, new version is 31, executing database incremental update scripts 
02 Mar 2026 23:32:59,206 INFO com.sismics.util.jpa.DbOpenHelper.open(DbOpenHelper.java:108) Database upgrade complete 
02 Mar 2026 23:32:59,206 INFO com.sismics.util.jpa.EMF.getEntityManagerProperties(EMF.java:67) Configuring EntityManager from hibernate.properties 
02 Mar 2026 23:33:00,477 INFO com.sismics.util.ClasspathScanner.findClasses(ClasspathScanner.java:48) Found 1 classes for IndexingHandler 
02 Mar 2026 23:33:00,504 INFO com.sismics.docs.core.util.indexing.LuceneIndexingHandler.initLucene(LuceneIndexingHandler.java:129) Using RAM Lucene storage 
02 Mar 2026 23:33:00,554 INFO com.sismics.docs.core.service.FileService.startUp(FileService.java:39) File service starting up 
02 Mar 2026 23:33:00,556 INFO com.sismics.docs.core.service.InboxService.startUp(InboxService.java:52) Inbox service starting up 
02 Mar 2026 23:33:00,557 INFO com.sismics.docs.core.service.FileSizeService.startUp(FileSizeService.java:30) File size service starting up 
02 Mar 2026 23:33:00,730 INFO com.sismics.docs.core.service.FileSizeService.lambda$runOneIteration$0(FileSizeService.java:50) No more file to process, stopping the service 
02 Mar 2026 23:33:00,730 INFO com.sismics.docs.core.service.FileSizeService.shutDown(FileSizeService.java:35) File size service shutting down 
02 Mar 2026 23:33:14,425 INFO com.sismics.util.ClasspathScanner.findClasses(ClasspathScanner.java:48) Found 2 classes for AuthenticationHandler 
02 Mar 2026 23:33:31,371 INFO com.sismics.docs.core.service.InboxService.shutDown(InboxService.java:57) Inbox service shutting down 
02 Mar 2026 23:33:31,371 INFO com.sismics.docs.core.service.FileService.shutDown(FileService.java:44) File service shutting down 
02 Mar 2026 23:40:17,901 INFO com.sismics.util.jpa.EMF.getEntityManagerProperties(EMF.java:67) Configuring EntityManager from hibernate.properties 
02 Mar 2026 23:40:18,412 INFO com.sismics.util.jpa.DbOpenHelper.open(DbOpenHelper.java:57) Opening database and executing incremental updates 
02 Mar 2026 23:40:18,415 INFO com.sismics.util.jpa.DbOpenHelper.open(DbOpenHelper.java:106) Found database version 31, new version is 31, executing database incremental update scripts 
02 Mar 2026 23:40:18,415 INFO com.sismics.util.jpa.DbOpenHelper.open(DbOpenHelper.java:108) Database upgrade complete 
02 Mar 2026 23:40:18,415 INFO com.sismics.util.jpa.EMF.getEntityManagerProperties(EMF.java:67) Configuring EntityManager from hibernate.properties 
02 Mar 2026 23:40:20,000 INFO com.sismics.util.ClasspathScanner.findClasses(ClasspathScanner.java:48) Found 1 classes for IndexingHandler 
02 Mar 2026 23:40:20,041 INFO com.sismics.docs.core.util.indexing.LuceneIndexingHandler.initLucene(LuceneIndexingHandler.java:129) Using RAM Lucene storage 
02 Mar 2026 23:40:20,124 INFO com.sismics.docs.core.service.FileService.startUp(FileService.java:39) File service starting up 
02 Mar 2026 23:40:20,128 INFO com.sismics.docs.core.service.InboxService.startUp(InboxService.java:52) Inbox service starting up 
02 Mar 2026 23:40:20,129 INFO com.sismics.docs.core.service.FileSizeService.startUp(FileSizeService.java:30) File size service starting up 
02 Mar 2026 23:40:20,331 INFO com.sismics.docs.core.service.FileSizeService.lambda$runOneIteration$0(FileSizeService.java:50) No more file to process, stopping the service 
02 Mar 2026 23:40:20,332 INFO com.sismics.docs.core.service.FileSizeService.shutDown(FileSizeService.java:35) File size service shutting down 
02 Mar 2026 23:40:32,987 INFO com.sismics.util.ClasspathScanner.findClasses(ClasspathScanner.java:48) Found 2 classes for AuthenticationHandler 
02 Mar 2026 23:41:50,202 INFO com.sismics.docs.core.listener.async.DocumentCreatedAsyncListener.on(DocumentCreatedAsyncListener.java:35) Document created event: DocumentCreatedAsyncEvent{documentId=7405a731-9e09-4b62-9211-38a16173579f} 
02 Mar 2026 23:41:58,944 INFO com.sismics.docs.core.service.InboxService.shutDown(InboxService.java:57) Inbox service shutting down 
02 Mar 2026 23:41:58,944 INFO com.sismics.docs.core.service.FileService.shutDown(FileService.java:44) File service shutting down 
02 Mar 2026 23:42:04,440 INFO com.sismics.util.jpa.EMF.getEntityManagerProperties(EMF.java:67) Configuring EntityManager from hibernate.properties 
02 Mar 2026 23:42:04,966 INFO com.sismics.util.jpa.DbOpenHelper.open(DbOpenHelper.java:57) Opening database and executing incremental updates 
02 Mar 2026 23:42:04,968 INFO com.sismics.util.jpa.DbOpenHelper.open(DbOpenHelper.java:106) Found database version 31, new version is 31, executing database incremental update scripts 
02 Mar 2026 23:42:04,968 INFO com.sismics.util.jpa.DbOpenHelper.open(DbOpenHelper.java:108) Database upgrade complete 
02 Mar 2026 23:42:04,969 INFO com.sismics.util.jpa.EMF.getEntityManagerProperties(EMF.java:67) Configuring EntityManager from hibernate.properties 
02 Mar 2026 23:42:06,394 INFO com.sismics.util.ClasspathScanner.findClasses(ClasspathScanner.java:48) Found 1 classes for IndexingHandler 
02 Mar 2026 23:42:06,430 INFO com.sismics.docs.core.util.indexing.LuceneIndexingHandler.initLucene(LuceneIndexingHandler.java:129) Using RAM Lucene storage 
02 Mar 2026 23:42:06,486 INFO com.sismics.docs.core.service.FileService.startUp(FileService.java:39) File service starting up 
02 Mar 2026 23:42:06,490 INFO com.sismics.docs.core.service.InboxService.startUp(InboxService.java:52) Inbox service starting up 
02 Mar 2026 23:42:06,491 INFO com.sismics.docs.core.service.FileSizeService.startUp(FileSizeService.java:30) File size service starting up 
02 Mar 2026 23:42:06,679 INFO com.sismics.docs.core.service.FileSizeService.lambda$runOneIteration$0(FileSizeService.java:50) No more file to process, stopping the service 
02 Mar 2026 23:42:06,680 INFO com.sismics.docs.core.service.FileSizeService.shutDown(FileSizeService.java:35) File size service shutting down 
02 Mar 2026 23:42:14,492 INFO com.sismics.util.ClasspathScanner.findClasses(ClasspathScanner.java:48) Found 2 classes for AuthenticationHandler 
02 Mar 2026 23:42:14,500 ERROR com.sismics.util.filter.RequestContextFilter.doFilter(RequestContextFilter.java:95) An exception occured, rolling back current transaction 
jakarta.servlet.ServletException: java.lang.NullPointerException: Cannot invoke "String.toCharArray()" because "password" is null
	at org.glassfish.jersey.servlet.WebComponent.serviceImpl(WebComponent.java:410)
	at org.glassfish.jersey.servlet.WebComponent.service(WebComponent.java:346)
	at org.glassfish.jersey.servlet.ServletContainer.service(ServletContainer.java:358)
	at org.glassfish.jersey.servlet.ServletContainer.service(ServletContainer.java:311)
	at org.glassfish.jersey.servlet.ServletContainer.service(ServletContainer.java:205)
	at org.eclipse.jetty.servlet.ServletHolder.handle(ServletHolder.java:764)
	at org.eclipse.jetty.servlet.ServletHandler$ChainEnd.doFilter(ServletHandler.java:1665)
	at com.sismics.util.filter.SecurityFilter.doFilter(SecurityFilter.java:134)
	at org.eclipse.jetty.servlet.FilterHolder.doFilter(FilterHolder.java:202)
	at org.eclipse.jetty.servlet.ServletHandler$Chain.doFilter(ServletHandler.java:1635)
	at com.sismics.util.filter.SecurityFilter.doFilter(SecurityFilter.java:134)
	at org.eclipse.jetty.servlet.FilterHolder.doFilter(FilterHolder.java:202)
	at org.eclipse.jetty.servlet.ServletHandler$Chain.doFilter(ServletHandler.java:1635)
	at com.sismics.util.filter.SecurityFilter.doFilter(SecurityFilter.java:134)
	at org.eclipse.jetty.servlet.FilterHolder.doFilter(FilterHolder.java:202)
	at org.eclipse.jetty.servlet.ServletHandler$Chain.doFilter(ServletHandler.java:1635)
	at com.sismics.util.filter.RequestContextFilter.doFilter(RequestContextFilter.java:89)
	at org.eclipse.jetty.servlet.FilterHolder.doFilter(FilterHolder.java:202)
	at org.eclipse.jetty.servlet.ServletHandler$Chain.doFilter(ServletHandler.java:1635)
	at com.sismics.util.filter.CorsFilter.doFilter(CorsFilter.java:39)
	at org.eclipse.jetty.servlet.FilterHolder.doFilter(FilterHolder.java:202)
	at org.eclipse.jetty.servlet.ServletHandler$Chain.doFilter(ServletHandler.java:1635)
	at org.eclipse.jetty.websocket.servlet.WebSocketUpgradeFilter.doFilter(WebSocketUpgradeFilter.java:170)
	at org.eclipse.jetty.servlet.FilterHolder.doFilter(FilterHolder.java:202)
	at org.eclipse.jetty.servlet.ServletHandler$Chain.doFilter(ServletHandler.java:1635)
	at org.eclipse.jetty.servlet.ServletHandler.doHandle(ServletHandler.java:527)
	at org.eclipse.jetty.server.handler.ScopedHandler.handle(ScopedHandler.java:131)
	at org.eclipse.jetty.security.SecurityHandler.handle(SecurityHandler.java:598)
	at org.eclipse.jetty.server.handler.HandlerWrapper.handle(HandlerWrapper.java:122)
	at org.eclipse.jetty.server.handler.ScopedHandler.nextHandle(ScopedHandler.java:223)
	at org.eclipse.jetty.server.session.SessionHandler.doHandle(SessionHandler.java:1580)
	at org.eclipse.jetty.server.handler.ScopedHandler.nextHandle(ScopedHandler.java:221)
	at org.eclipse.jetty.server.handler.ContextHandler.doHandle(ContextHandler.java:1381)
	at org.eclipse.jetty.server.handler.ScopedHandler.nextScope(ScopedHandler.java:176)
	at org.eclipse.jetty.servlet.ServletHandler.doScope(ServletHandler.java:484)
	at org.eclipse.jetty.server.session.SessionHandler.doScope(SessionHandler.java:1553)
	at org.eclipse.jetty.server.handler.ScopedHandler.nextScope(ScopedHandler.java:174)
	at org.eclipse.jetty.server.handler.ContextHandler.doScope(ContextHandler.java:1303)
	at org.eclipse.jetty.server.handler.ScopedHandler.handle(ScopedHandler.java:129)
	at org.eclipse.jetty.server.handler.ContextHandlerCollection.handle(ContextHandlerCollection.java:149)
	at org.eclipse.jetty.server.handler.HandlerList.handle(HandlerList.java:51)
	at org.eclipse.jetty.server.handler.HandlerWrapper.handle(HandlerWrapper.java:122)
	at org.eclipse.jetty.server.Server.handle(Server.java:563)
	at org.eclipse.jetty.server.HttpChannel$RequestDispatchable.dispatch(HttpChannel.java:1598)
	at org.eclipse.jetty.server.HttpChannel.dispatch(HttpChannel.java:753)
	at org.eclipse.jetty.server.HttpChannel.handle(HttpChannel.java:501)
	at org.eclipse.jetty.server.HttpConnection.onFillable(HttpConnection.java:287)
	at org.eclipse.jetty.io.AbstractConnection$ReadCallback.succeeded(AbstractConnection.java:314)
	at org.eclipse.jetty.io.FillInterest.fillable(FillInterest.java:100)
	at org.eclipse.jetty.io.SelectableChannelEndPoint$1.run(SelectableChannelEndPoint.java:53)
	at org.eclipse.jetty.util.thread.strategy.AdaptiveExecutionStrategy.runTask(AdaptiveExecutionStrategy.java:421)
	at org.eclipse.jetty.util.thread.strategy.AdaptiveExecutionStrategy.consumeTask(AdaptiveExecutionStrategy.java:390)
	at org.eclipse.jetty.util.thread.strategy.AdaptiveExecutionStrategy.tryProduce(AdaptiveExecutionStrategy.java:277)
	at org.eclipse.jetty.util.thread.strategy.AdaptiveExecutionStrategy.run(AdaptiveExecutionStrategy.java:199)
	at org.eclipse.jetty.util.thread.ReservedThreadExecutor$ReservedThread.run(ReservedThreadExecutor.java:411)
	at org.eclipse.jetty.util.thread.QueuedThreadPool.runJob(QueuedThreadPool.java:969)
	at org.eclipse.jetty.util.thread.QueuedThreadPool$Runner.doRunJob(QueuedThreadPool.java:1194)
	at org.eclipse.jetty.util.thread.QueuedThreadPool$Runner.run(QueuedThreadPool.java:1149)
	at java.base/java.lang.Thread.run(Thread.java:1583)
Caused by: java.lang.NullPointerException: Cannot invoke "String.toCharArray()" because "password" is null
	at com.sismics.docs.core.dao.UserDao.authenticate(UserDao.java:52)
	at com.sismics.docs.core.util.authentication.InternalAuthenticationHandler.authenticate(InternalAuthenticationHandler.java:17)
	at com.sismics.docs.core.util.authentication.AuthenticationUtil.authenticate(AuthenticationUtil.java:38)
	at com.sismics.docs.rest.resource.UserResource.login(UserResource.java:304)
	at java.base/jdk.internal.reflect.DirectMethodHandleAccessor.invoke(DirectMethodHandleAccessor.java:103)
	at java.base/java.lang.reflect.Method.invoke(Method.java:580)
	at org.glassfish.jersey.server.model.internal.ResourceMethodInvocationHandlerFactory.lambda$static$0(ResourceMethodInvocationHandlerFactory.java:52)
	at org.glassfish.jersey.server.model.internal.AbstractJavaResourceMethodDispatcher$1.run(AbstractJavaResourceMethodDispatcher.java:134)
	at org.glassfish.jersey.server.model.internal.AbstractJavaResourceMethodDispatcher.invoke(AbstractJavaResourceMethodDispatcher.java:177)
	at org.glassfish.jersey.server.model.internal.JavaResourceMethodDispatcherProvider$ResponseOutInvoker.doDispatch(JavaResourceMethodDispatcherProvider.java:176)
	at org.glassfish.jersey.server.model.internal.AbstractJavaResourceMethodDispatcher.dispatch(AbstractJavaResourceMethodDispatcher.java:81)
	at org.glassfish.jersey.server.model.ResourceMethodInvoker.invoke(ResourceMethodInvoker.java:478)
	at org.glassfish.jersey.server.model.ResourceMethodInvoker.apply(ResourceMethodInvoker.java:400)
	at org.glassfish.jersey.server.model.ResourceMethodInvoker.apply(ResourceMethodInvoker.java:81)
	at org.glassfish.jersey.server.ServerRuntime$1.run(ServerRuntime.java:256)
	at org.glassfish.jersey.internal.Errors$1.call(Errors.java:248)
	at org.glassfish.jersey.internal.Errors$1.call(Errors.java:244)
	at org.glassfish.jersey.internal.Errors.process(Errors.java:292)
	at org.glassfish.jersey.internal.Errors.process(Errors.java:274)
	at org.glassfish.jersey.internal.Errors.process(Errors.java:244)
	at org.glassfish.jersey.process.internal.RequestScope.runInScope(RequestScope.java:265)
	at org.glassfish.jersey.server.ServerRuntime.process(ServerRuntime.java:235)
	at org.glassfish.jersey.server.ApplicationHandler.handle(ApplicationHandler.java:684)
	at org.glassfish.jersey.servlet.WebComponent.serviceImpl(WebComponent.java:394)
	... 58 more
02 Mar 2026 23:42:23,677 INFO com.sismics.docs.core.service.InboxService.shutDown(InboxService.java:57) Inbox service shutting down 
02 Mar 2026 23:42:23,677 INFO com.sismics.docs.core.service.FileService.shutDown(FileService.java:44) File service shutting down 
02 Mar 2026 23:48:30,984 INFO com.sismics.util.jpa.EMF.getEntityManagerProperties(EMF.java:67) Configuring EntityManager from hibernate.properties 
02 Mar 2026 23:48:31,384 INFO com.sismics.util.jpa.DbOpenHelper.open(DbOpenHelper.java:57) Opening database and executing incremental updates 
02 Mar 2026 23:48:31,387 INFO com.sismics.util.jpa.DbOpenHelper.open(DbOpenHelper.java:106) Found database version 31, new version is 31, executing database incremental update scripts 
02 Mar 2026 23:48:31,387 INFO com.sismics.util.jpa.DbOpenHelper.open(DbOpenHelper.java:108) Database upgrade complete 
02 Mar 2026 23:48:31,387 INFO com.sismics.util.jpa.EMF.getEntityManagerProperties(EMF.java:67) Configuring EntityManager from hibernate.properties 
02 Mar 2026 23:48:32,568 INFO com.sismics.util.ClasspathScanner.findClasses(ClasspathScanner.java:48) Found 1 classes for IndexingHandler 
02 Mar 2026 23:48:32,595 INFO com.sismics.docs.core.util.indexing.LuceneIndexingHandler.initLucene(LuceneIndexingHandler.java:129) Using RAM Lucene storage 
02 Mar 2026 23:48:32,642 INFO com.sismics.docs.core.service.FileService.startUp(FileService.java:39) File service starting up 
02 Mar 2026 23:48:32,644 INFO com.sismics.docs.core.service.InboxService.startUp(InboxService.java:52) Inbox service starting up 
02 Mar 2026 23:48:32,645 INFO com.sismics.docs.core.service.FileSizeService.startUp(FileSizeService.java:30) File size service starting up 
02 Mar 2026 23:48:32,822 INFO com.sismics.docs.core.service.FileSizeService.lambda$runOneIteration$0(FileSizeService.java:50) No more file to process, stopping the service 
02 Mar 2026 23:48:32,823 INFO com.sismics.docs.core.service.FileSizeService.shutDown(FileSizeService.java:35) File size service shutting down 
02 Mar 2026 23:49:50,627 INFO com.sismics.util.ClasspathScanner.findClasses(ClasspathScanner.java:48) Found 2 classes for AuthenticationHandler 
02 Mar 2026 23:50:02,390 INFO com.sismics.docs.core.service.InboxService.shutDown(InboxService.java:57) Inbox service shutting down 
02 Mar 2026 23:50:02,391 INFO com.sismics.docs.core.service.FileService.shutDown(FileService.java:44) File service shutting down 
